{
  "type": "FeatureCollection",
  "features": [
    {
      "type": "Feature",
      "properties": { "name": "Canada" },
      "geometry": {
        "type": "MultiPolygon",
        "coordinates": [
          [
            [
              [-110.00090000900003, 48.99330959841075],
              [-110.00090000900003, 48.99797893352443],
              [-110.00090000900003, 59.99976766669326],
              [-119.99819998199976, 59.99976766669326],
              [-119.99819998199976, 53.86471556180091],
              [-119.75339753397527, 53.60425848620248],
              [-119.92619926199255, 53.6142760660332],
              [-119.75699756997562, 53.41392446941903],
              [-119.38259382593819, 53.35668115610069],
              [-119.26379263792631, 53.197830961642325],
              [-119.0297902979029, 53.13486331699215],
              [-118.99738997389967, 53.236470198132196],
              [-118.75618756187555, 53.121983571495534],
              [-118.60498604986043, 52.87726840705966],
              [-118.51498514985144, 52.900165732386995],
              [-118.30618306183055, 52.67691681044549],
              [-118.2125821258212, 52.36637183569353],
              [-118.01098010980104, 52.48515171082907],
              [-117.75897758977584, 52.40501107218341],
              [-117.82017820178194, 52.27907578288307],
              [-117.58977589775891, 52.130243168255404],
              [-117.30537305373048, 52.167451321912324],
              [-117.26937269372687, 52.04437819827791],
              [-117.04617046170455, 51.91558074331165],
              [-116.93816938169375, 51.719522395196364],
              [-116.68616686166855, 51.80968061367274],
              [-116.57816578165776, 51.64367500504957],
              [-116.29736297362967, 51.4504788226002],
              [-116.23256232562319, 51.30307729080549],
              [-116.01656016560159, 51.14279601351416],
              [-115.620556205562, 50.969634990726206],
              [-115.64575645756452, 50.85228619842361],
              [-115.34335343353428, 50.730644157622166],
              [-115.18855188551879, 50.5474655550035],
              [-115.00135001350007, 50.563207466166034],
              [-114.77454774547739, 50.354269372554114],
              [-114.62334623346227, 49.780405156537824],
              [-114.7385473854738, 49.58148464275662],
              [-114.56214562145615, 49.53855215776787],
              [-114.59094590945904, 49.41834119979937],
              [-114.37494374943743, 49.20510985768858],
              [-114.22374223742231, 49.18650578086012],
              [-114.06969253580445, 48.997225652572745],
              [-114.06534065340647, 48.991878515577795],
              [-110.00090000900003, 48.99330959841075]
            ]
          ],
          [
            [
              [-130.4259486420415, 54.10200781549321],
              [-130.24219956605216, 54.02535248927102],
              [-130.20745359390548, 54.08789523913502],
              [-130.5010570585448, 54.30505756505169],
              [-130.42255317743485, 54.65678208165502],
              [-130.00242810870554, 54.98198819233115],
              [-130.0993927386562, 54.98721298549838],
              [-130.16717383920422, 55.105829911457434],
              [-129.98829988299877, 55.28434973209556],
              [-130.1467014670146, 55.547668973359904],
              [-130.1517802918117, 55.76340647474582],
              [-130.020700207002, 55.90830184726539],
              [-130.00323705415678, 56.00653251105498],
              [-130.10396966903943, 56.12308264397704],
              [-130.24580276338025, 56.09784533148673],
              [-130.4278125383729, 56.139732662965905],
              [-130.46763383378794, 56.2403820277536],
              [-130.83790837908373, 56.3719726851439],
              [-131.10071100711, 56.407749755967856],
              [-131.5867158671586, 56.59522160708539],
              [-131.79911799117986, 56.58806619292061],
              [-131.87111871118705, 56.79414212086661],
              [-132.1087210872108, 56.85854084834973],
              [-132.03312033120324, 57.02883970547177],
              [-132.3427234272342, 57.08035868745827],
              [-132.23112231122303, 57.1962763969279],
              [-133.16713167131664, 58.14794648084518],
              [-133.37593375933753, 58.29105476414102],
              [-133.39393393933932, 58.40411030794472],
              [-133.8727387273872, 58.73612152519105],
              [-134.22194221942212, 58.84202165482998],
              [-134.39834398343976, 59.05239083127485],
              [-134.70434704347036, 59.239862682392385],
              [-134.93114931149304, 59.27134650471747],
              [-135.0967509675096, 59.418748036512184],
              [-135.0175501755017, 59.54325224297956],
              [-135.47832682609948, 59.797661220996524],
              [-135.95047377538106, 59.66359480329928],
              [-136.34412941700955, 59.600791764648804],
              [-136.27396273962734, 59.486008929661224],
              [-136.46836468364677, 59.46168052150094],
              [-136.4647646476464, 59.28708841588002],
              [-136.58228466832264, 59.16611679546893],
              [-136.83110148180262, 59.15943543604887],
              [-137.06775498830706, 59.06702422586662],
              [-137.42237422374217, 58.90785146514605],
              [-137.60957609576087, 59.239862682392385],
              [-138.59958599585988, 59.753621419424434],
              [-138.708628599538, 59.905563226770326],
              [-139.0598203531421, 59.999373418939406],
              [-123.81783817838172, 59.99976766669326],
              [-119.99819998199976, 59.99976766669326],
              [-119.99819998199976, 53.86471556180091],
              [-119.75339753397527, 53.60425848620248],
              [-119.92619926199255, 53.6142760660332],
              [-119.75699756997562, 53.41392446941903],
              [-119.38259382593819, 53.35668115610069],
              [-119.26379263792631, 53.197830961642325],
              [-119.0297902979029, 53.13486331699215],
              [-118.99738997389967, 53.236470198132196],
              [-118.75618756187555, 53.121983571495534],
              [-118.60498604986043, 52.87726840705966],
              [-118.51498514985144, 52.900165732386995],
              [-118.30618306183055, 52.67691681044549],
              [-118.2125821258212, 52.36637183569353],
              [-118.01098010980104, 52.48515171082907],
              [-117.75897758977584, 52.40501107218341],
              [-117.82017820178194, 52.27907578288307],
              [-117.58977589775891, 52.130243168255404],
              [-117.30537305373048, 52.167451321912324],
              [-117.26937269372687, 52.04437819827791],
              [-117.04617046170455, 51.91558074331165],
              [-116.93816938169375, 51.719522395196364],
              [-116.68616686166855, 51.80968061367274],
              [-116.57816578165776, 51.64367500504957],
              [-116.29736297362967, 51.4504788226002],
              [-116.23256232562319, 51.30307729080549],
              [-116.01656016560159, 51.14279601351416],
              [-115.620556205562, 50.969634990726206],
              [-115.64575645756452, 50.85228619842361],
              [-115.34335343353428, 50.730644157622166],
              [-115.18855188551879, 50.5474655550035],
              [-115.00135001350007, 50.563207466166034],
              [-114.77454774547739, 50.354269372554114],
              [-114.62334623346227, 49.780405156537824],
              [-114.7385473854738, 49.58148464275662],
              [-114.56214562145615, 49.53855215776787],
              [-114.59094590945904, 49.41834119979937],
              [-114.37494374943743, 49.20510985768858],
              [-114.22374223742231, 49.18650578086012],
              [-114.06969253580445, 48.997225652572745],
              [-114.06534065340647, 48.991878515577795],
              [-114.72552372582544, 48.991878515577795],
              [-117.03329791015187, 48.999551747062824],
              [-118.83628092479266, 48.991878515577795],
              [-120.12197201454448, 48.991878515577795],
              [-120.79842887981113, 48.991878515577795],
              [-122.75222752227515, 48.991878515577795],
              [-122.90188495775583, 49.08251777822457],
              [-123.10298942208838, 49.02793996236961],
              [-123.1831579603797, 49.07428145126692],
              [-123.25756783635345, 49.260306141201276],
              [-123.5114368249697, 49.38286358398157],
              [-123.89224030789416, 49.47915871759464],
              [-124.08483057512031, 49.63235552107],
              [-124.35620776984807, 49.76804411843388],
              [-124.41967501700215, 49.76585559266994],
              [-124.52253572790703, 49.80743758218468],
              [-124.53128983096276, 49.85777367475515],
              [-125.1725278797953, 50.17292138476158],
              [-125.1922246116707, 49.936560602256755],
              [-124.8595686955528, 49.7045768712798],
              [-124.90990478812328, 49.641109624125725],
              [-124.82636587734726, 49.508412843285825],
              [-124.57571862704769, 49.38419827676568],
              [-124.31462578033334, 49.33471601717503],
              [-123.98196986421544, 49.231855306270155],
              [-123.43117948380511, 48.89608261292809],
              [-123.41415709068404, 48.59053359489536],
              [-123.30040905780004, 48.42559894721356],
              [-123.44828150054924, 48.44266115214616],
              [-123.54230941613224, 48.32022750905118],
              [-124.69996485440481, 48.601908398183745],
              [-125.19931531356112, 48.78969869207958],
              [-125.03689022644784, 48.9308221284239],
              [-125.34842686894379, 49.016028731499716],
              [-125.59316180362369, 48.95669893965197],
              [-126.05833432804341, 49.18350775479663],
              [-126.44278429357522, 49.46156905062151],
              [-126.46566624853243, 49.382451034108456],
              [-126.55675243834999, 49.38741937173487],
              [-126.5484718756393, 49.51990837510587],
              [-127.39647952325353, 50.01889392777254],
              [-127.6243770525721, 50.162736516603864],
              [-127.81406621644324, 50.08605366312405],
              [-127.92438190039663, 50.127758372911316],
              [-127.76832556699911, 50.24076468330262],
              [-127.94456159868079, 50.40892883567065],
              [-128.38151283292243, 50.71457241464464],
              [-128.40213622571775, 50.777420157072925],
              [-127.89147443714272, 50.8869478732305],
              [-127.24196481331113, 50.63919677960402],
              [-126.95637362480527, 50.65778800324758],
              [-126.6460229935069, 50.599020926583506],
              [-126.82011835659578, 50.813292142692895],
              [-127.31412463634963, 50.90904225320575],
              [-127.77094687808118, 51.16148286887065],
              [-127.93071180903473, 52.055771739899946],
              [-129.07251278093867, 52.78062291869289],
              [-129.175146576166, 52.9602320603407],
              [-129.16511046412833, 53.06329942282968],
              [-129.09006551058783, 53.092294063970336],
              [-129.09006551058783, 53.19292252439967],
              [-129.09859334621743, 53.29525655195492],
              [-129.27767789443914, 53.358362535614],
              [-129.55739090309015, 53.20145036002928],
              [-129.7501199883192, 53.336190162977026],
              [-129.97525484894078, 53.4811633686803],
              [-130.21062311231785, 53.585202963361475],
              [-130.41358560030244, 53.65513121552423],
              [-130.3941463856227, 53.71405798020456],
              [-130.58656939884517, 53.813705612051905],
              [-130.75493953541482, 53.892736492482555],
              [-130.63123902691467, 54.0130008757466],
              [-130.6115778083045, 54.04846094060965],
              [-130.82219551617985, 54.14603524595303],
              [-130.79958683567347, 54.21505121802518],
              [-130.54970141955016, 54.06274010724527],
              [-130.4259486420415, 54.10200781549321]
            ]
          ],
          [
            [
              [-129.26499479200152, 52.80575240232632],
              [-128.9297948508646, 52.617713410956824],
              [-128.9870241091075, 52.446025636228164],
              [-129.1832387087974, 52.65041584423848],
              [-129.29591605034227, 52.67537837435322],
              [-129.26499479200152, 52.80575240232632]
            ]
          ],
          [
            [
              [-131.86629101615458, 53.810039075665976],
              [-131.95154280801057, 53.51736781367007],
              [-131.90945289442223, 53.41915801529728],
              [-131.96303847666923, 53.22378571284145],
              [-131.80567014802742, 53.23992605424061],
              [-131.5998807951881, 52.92922448230679],
              [-131.66847724613453, 52.81220700716288],
              [-131.4589118102348, 52.60650517699969],
              [-131.60026377003564, 52.560293959372494],
              [-131.38008090957663, 52.44884337568337],
              [-131.2441655636143, 52.44340676184487],
              [-131.26591201896827, 52.34011109891348],
              [-131.14902482144063, 52.321082950478754],
              [-131.0123941471337, 52.168861405420174],
              [-131.03661817178678, 51.969013202032315],
              [-132.29626745374665, 52.86530211419607],
              [-132.73195995579442, 53.34374692011816],
              [-132.50919908812813, 53.382153966267516],
              [-132.8215763968096, 53.46152852830953],
              [-132.92655565628453, 53.612596243163686],
              [-133.17438834742057, 53.840319106482326],
              [-133.04721221799196, 54.13706340848249],
              [-131.8682139709491, 54.050305695323416],
              [-131.6361627819504, 54.17945545162536],
              [-131.71353569920717, 53.972966559452445],
              [-131.86629101615458, 53.810039075665976]
            ]
          ],
          [
            [
              [-130.74739106263112, 54.609234026512915],
              [-130.8237068072902, 54.523378813771465],
              [-130.9731584739142, 54.450242891806525],
              [-130.94295015832, 54.62672305133062],
              [-130.74739106263112, 54.609234026512915]
            ]
          ],
          [
            [
              [-130.69333407683095, 54.36915741310626],
              [-130.77282964418416, 54.34371883155324],
              [-130.90002255194926, 54.43911351237708],
              [-130.76488008744883, 54.49953014356551],
              [-130.69333407683095, 54.36915741310626]
            ]
          ],
          [
            [
              [-130.28916742384405, 54.82957122459004],
              [-130.48249873420198, 54.70156647572291],
              [-130.56752919910463, 54.71441991809191],
              [-130.67230672306715, 54.77202207789648],
              [-130.56468402058496, 54.7946557108149],
              [-130.36630366303655, 54.907974947027526],
              [-130.29136567260116, 54.9648742262681],
              [-130.19728173654698, 55.030560533484866],
              [-130.15586592674794, 54.959341556200165],
              [-130.28916742384405, 54.82957122459004]
            ]
          ],
          [
            [
              [-130.55692072828535, 53.634050782322056],
              [-130.40116117340673, 53.623147613480555],
              [-130.20646172980844, 53.55461340933396],
              [-130.08496927700313, 53.500097565126445],
              [-129.93544010431964, 53.40975702329684],
              [-129.81083246041675, 53.29293735713787],
              [-129.78591093163615, 53.24932468177186],
              [-129.7594318073068, 53.2228455574425],
              [-129.7718925716971, 53.165214522137404],
              [-129.82173562925826, 53.16677211768619],
              [-129.86846349572184, 53.187020859820414],
              [-129.95413125090508, 53.160541735491044],
              [-130.10210282803976, 53.27580380610122],
              [-130.29524467608925, 53.37860511232112],
              [-130.5506903460902, 53.54682543159003],
              [-130.55692072828535, 53.634050782322056]
            ]
          ],
          [
            [
              [-129.27458431835765, 53.327891508206676],
              [-129.17088686127408, 53.28564439606152],
              [-129.17344729231317, 53.24595771495546],
              [-129.15040341296125, 53.20755124936895],
              [-129.17344729231317, 53.180666723458394],
              [-129.16832643023497, 53.15122176650873],
              [-129.13888147328532, 53.11665594748087],
              [-129.1670462147154, 53.09105163708987],
              [-129.19777138718462, 53.10641422332447],
              [-129.2758645338772, 53.07824948189437],
              [-129.34627638745246, 53.12817788715682],
              [-129.3449961719329, 53.20243038729075],
              [-129.26050194764258, 53.26644116326826],
              [-129.27458431835765, 53.327891508206676]
            ]
          ],
          [
            [
              [-129.31043035290506, 53.041123231827406],
              [-129.2937875511509, 52.96431030065438],
              [-129.35267746505022, 52.95534879201753],
              [-129.55495151713916, 53.11409551644177],
              [-129.56775367233467, 53.166584352743335],
              [-129.4845396635639, 53.187067801056145],
              [-129.31043035290506, 53.041123231827406]
            ]
          ],
          [
            [
              [-128.6754434552081, 52.27299392009721],
              [-128.75097617086158, 52.36644965302438],
              [-128.80986608476087, 52.549520472320076],
              [-128.62807548098473, 52.45990538595156],
              [-128.61783375682833, 52.32804318743787],
              [-128.6754434552081, 52.27299392009721]
            ]
          ],
          [
            [
              [-127.89579220380195, 51.4203703840767],
              [-128.08910474725405, 51.48182072901511],
              [-128.16207703186842, 51.65721025519351],
              [-128.00589073848326, 51.73146275532743],
              [-127.90859435899745, 51.5983203412942],
              [-127.87530875548914, 51.45621641862411],
              [-127.89579220380195, 51.4203703840767]
            ]
          ],
          [
            [
              [-128.12111013524282, 51.740424263964265],
              [-128.15183530771202, 51.8633249538411],
              [-128.23632953200234, 51.79419331578538],
              [-128.265774488952, 51.928615945338166],
              [-128.16719789394662, 52.03999469553904],
              [-128.12111013524282, 52.059197928332296],
              [-127.95468211770127, 52.054077066254095],
              [-128.0110116005615, 51.892769910790754],
              [-128.01229181608102, 51.75578685019887],
              [-128.12111013524282, 51.740424263964265]
            ]
          ],
          [
            [
              [-128.43732336857173, 52.23842810106935],
              [-128.2209669457677, 52.22050508379564],
              [-128.27857664414748, 52.16929646301363],
              [-128.32338418733173, 52.111686764633866],
              [-128.29777987694072, 52.0361540489804],
              [-128.38269499400462, 52.103426743952944],
              [-128.37112044273195, 52.13604593390313],
              [-128.4040377650634, 52.15521409229858],
              [-128.4245212133762, 52.123208704309825],
              [-128.52181759286205, 52.15649430781813],
              [-128.43732336857173, 52.23842810106935]
            ]
          ],
          [
            [
              [-124.12285851700318, 49.48890634888669],
              [-124.43445331102396, 49.61945594638156],
              [-124.48618051003136, 49.674877945318066],
              [-124.63889890710084, 49.7327631442073],
              [-124.60934050766804, 49.795574743002],
              [-124.51081250955869, 49.73522634416003],
              [-124.36917851227652, 49.71305754458543],
              [-124.29405091371815, 49.63669834605069],
              [-124.12285851700318, 49.48890634888669]
            ]
          ],
          [
            [
              [-124.36794691230016, 49.51969634829585],
              [-124.19059651570335, 49.47289554919392],
              [-124.16719611615238, 49.451958349595685],
              [-124.17828051593968, 49.43964234983202],
              [-124.23000771494708, 49.46181114940662],
              [-124.30144051357635, 49.44333714976112],
              [-124.38272611201656, 49.48521154895759],
              [-124.36794691230016, 49.51969634829585]
            ]
          ],
          [
            [
              [-124.82838358831259, 49.5974125280811],
              [-124.7727629442186, 49.56483472225462],
              [-124.74813094469127, 49.51477614257004],
              [-124.68933197807763, 49.482198336743565],
              [-124.6877428168178, 49.474252530444424],
              [-124.75925507351006, 49.48776040115297],
              [-124.84824810406043, 49.55529975469566],
              [-124.82838358831259, 49.5974125280811]
            ]
          ],
          [
            [
              [-124.704429010046, 49.540202722727294],
              [-124.66867288169986, 49.55053227091617],
              [-124.58921481870847, 49.5179544650897],
              [-124.64006797902296, 49.52669485201875],
              [-124.6591379141409, 49.49411704619228],
              [-124.70204526815625, 49.5123924006803],
              [-124.704429010046, 49.540202722727294]
            ]
          ],
          [
            [
              [-101.36494821324045, 48.99903392974258],
              [-99.00199606553082, 48.99978910378593],
              [-95.15040113066563, 48.99852661272915],
              [-95.15378119606227, 49.38133293345275],
              [-95.15435154351538, 52.82145617657429],
              [-88.94788947889474, 56.8528165170179],
              [-89.82629826298258, 56.97588964065231],
              [-90.58590585905853, 57.23062238491889],
              [-91.03231032310318, 57.26496837290989],
              [-92.22392223922233, 57.02168429130698],
              [-92.49032490324898, 57.03742620246952],
              [-92.70632706327058, 56.955854480990894],
              [-92.45792457924574, 57.2234669707541],
              [-92.42192421924213, 57.35512659138627],
              [-92.75672756727562, 57.8660231627524],
              [-92.80712807128066, 58.07639233919727],
              [-93.12753127531269, 58.5286145144121],
              [-93.15633156331558, 58.7447080221888],
              [-94.20394203942034, 58.80624458400601],
              [-94.43794437944373, 58.72324177969443],
              [-94.48474484744841, 58.820555412335594],
              [-94.80874808748082, 59.018044843283846],
              [-94.72234722347218, 59.34290064636539],
              [-94.82314823148226, 59.650583455451425],
              [-94.8015480154801, 59.99976766669326],
              [-102.0016200162001, 59.99976766669326],
              [-102.0016200162001, 55.816712545956065],
              [-101.36494821324045, 48.99903392974258]
            ],
            [
              [-96.28116281162806, 51.241540728988284],
              [-96.42156421564209, 51.10129461135837],
              [-96.29556295562949, 50.62331294515029],
              [-96.51876518765182, 50.73207524045512],
              [-96.65196651966514, 50.400064023208785],
              [-96.90396903969034, 50.41866810003724],
              [-96.96876968769682, 50.558914217667166],
              [-96.97596975969753, 50.88806326924758],
              [-96.92196921969214, 51.09413919719357],
              [-96.6195661956619, 51.325974616132825],
              [-96.73476734767341, 51.36747601828861],
              [-96.98316983169826, 51.18859066416883],
              [-96.75996759967593, 51.510584301584444],
              [-96.82476824768241, 51.72095347802933],
              [-97.09477094770942, 51.65941691621212],
              [-97.2675726757267, 51.44046124276949],
              [-97.22437224372239, 51.78392112267949],
              [-97.33597335973354, 52.00860112745394],
              [-97.5375753757537, 51.92559832314237],
              [-97.47997479974794, 52.130243168255404],
              [-97.71397713977134, 52.08301743476778],
              [-97.77877778777781, 51.862630678492195],
              [-98.03078030780301, 51.945633482803785],
              [-98.0595805958059, 52.110208008593986],
              [-98.21798217982175, 52.30626635670929],
              [-98.4375843758437, 52.37925158119016],
              [-98.46998469984695, 52.503755787657525],
              [-98.78678786787862, 52.70267630143874],
              [-98.89118891188906, 52.923063057714316],
              [-98.4375843758437, 53.056153761179445],
              [-98.78318783187827, 53.09049974917045],
              [-99.0135901359013, 53.04041185001691],
              [-99.25119251192505, 53.20784854147303],
              [-99.09279092790922, 53.43109746341453],
              [-98.9595895958959, 53.856129064803156],
              [-98.37638376383758, 53.85756014763611],
              [-97.88677886778862, 53.705865367342525],
              [-98.24318243182427, 53.886181804295276],
              [-98.31878318783183, 53.99208193393419],
              [-98.03078030780301, 54.40852703832506],
              [-97.86517865178647, 54.25683225803148],
              [-98.1495814958149, 54.18670919921652],
              [-98.23238232382317, 54.01641034209449],
              [-98.09918099180986, 53.92911428928403],
              [-97.93717937179366, 54.03358333608999],
              [-97.95517955179545, 53.87473314163161],
              [-97.83637836378358, 53.625724728696866],
              [-97.6635766357663, 53.48118536256807],
              [-97.58797587975874, 53.29943784278237],
              [-97.32877328773282, 53.00892802769182],
              [-97.43677436774362, 52.94739146587462],
              [-97.19917199171987, 52.684072224610276],
              [-97.08757087570869, 52.2404365463932],
              [-96.82116821168206, 51.958513228300404],
              [-96.86436864368638, 51.86692392699108],
              [-96.28116281162806, 51.241540728988284]
            ]
          ],
          [
            [
              [-96.6015660156601, 51.18572849850291],
              [-96.84996849968493, 51.041189132374114],
              [-96.6915669156691, 51.041189132374114],
              [-96.6015660156601, 51.18572849850291]
            ]
          ],
          [
            [
              [-97.8975789757897, 52.33345693053549],
              [-97.95877958779582, 52.54239502414741],
              [-98.05598055980553, 52.43220164600962],
              [-97.8975789757897, 52.33345693053549]
            ]
          ],
          [
            [
              [-68.9800347396186, 47.314550939771024],
              [-68.9064890648906, 47.19014522888325],
              [-68.38852577248437, 47.30093420536157],
              [-68.32688326883265, 47.36044408600529],
              [-68.03168031680312, 47.24309529370271],
              [-67.790477904779, 47.03272611725784],
              [-67.79780280363323, 45.75067320866532],
              [-67.43407434074336, 45.54010672248229],
              [-67.47367473674731, 45.2825118125498],
              [-67.35487354873544, 45.16659410308017],
              [-67.16605108924547, 45.1771289131405],
              [-66.9444694446944, 45.18949142840751],
              [-66.890468904689, 45.06069397344126],
              [-66.49086490864904, 45.155145440416504],
              [-66.42966429664291, 45.083591298768596],
              [-66.05886058860584, 45.25818340438951],
              [-65.90765907659072, 45.21095767090188],
              [-65.31365313653131, 45.45853500100367],
              [-64.75564755647552, 45.62740277529275],
              [-64.53244532445319, 45.90217067922076],
              [-64.48204482044815, 45.72757857359984],
              [-64.27324273242728, 45.83634086890467],
              [-64.04284042840423, 45.992328897697135],
              [-64.0644406444064, 46.06245195651209],
              [-63.77283772837724, 46.11540202133155],
              [-64.5144451444514, 46.239906227798926],
              [-64.90684906849064, 46.88675566829609],
              [-64.82404824048236, 47.08853834774321],
              [-65.36765367653672, 47.08710726491026],
              [-65.12285122851223, 47.20302497437987],
              [-64.86724867248668, 47.48637937530563],
              [-64.82764827648272, 47.81552842688605],
              [-65.20925209252087, 47.819821675384915],
              [-65.630456304563, 47.67098906075725],
              [-65.81765817658172, 47.907117728195374],
              [-66.31806318063175, 48.011586775001334],
              [-66.3864638646386, 48.074554419651506],
              [-66.84366843668433, 47.99727594667175],
              [-67.40887408874084, 47.87706498870325],
              [-67.61407614076136, 47.99727594667175],
              [-68.11448114481139, 47.99727594667175],
              [-68.37728377283769, 47.92858397068974],
              [-68.38808388083876, 47.55793351695354],
              [-68.55368553685533, 47.43629147615208],
              [-68.9800347396186, 47.314550939771024]
            ]
          ],
          [
            [
              [-64.50364503645032, 47.88994473419987],
              [-64.69804698046975, 47.8412879178793],
              [-64.64764647646471, 47.73252562257446],
              [-64.50364503645032, 47.88994473419987]
            ]
          ],
          [
            [
              [-61.46161461614612, 56.31902262032443],
              [-61.7964179641796, 56.420629501464475],
              [-61.41481414814143, 56.37340376797685],
              [-61.46161461614612, 56.31902262032443]
            ]
          ],
          [
            [
              [-61.6344163441634, 56.46928631778506],
              [-61.594815948159436, 56.56087561909439],
              [-61.22761227612271, 56.45497548945548],
              [-61.6344163441634, 56.46928631778506]
            ]
          ],
          [
            [
              [-61.90081900819004, 57.449578058361524],
              [-61.7244172441724, 57.538305194004934],
              [-61.61281612816123, 57.41523207037052],
              [-61.90081900819004, 57.449578058361524]
            ]
          ],
          [
            [
              [-57.10197101971015, 52.00001463045619],
              [-63.74043740437399, 52.00001463045619],
              [-63.67203672036716, 52.03579170128016],
              [-63.77283772837724, 52.33488801336844],
              [-63.9744397443974, 52.35349209019691],
              [-64.0824408244082, 52.473703048165405],
              [-63.95283952839523, 52.579603177804316],
              [-63.38403384033836, 52.67262356194661],
              [-63.603636036360314, 52.78567910575032],
              [-64.10764107641072, 52.719849295434244],
              [-64.190441904419, 52.57244776363953],
              [-64.12924129241287, 52.386406995354946],
              [-64.23364233642332, 51.98141055362774],
              [-64.33804338043376, 52.01146329311986],
              [-64.28044280442799, 51.73955755485778],
              [-64.52884528845284, 51.59215602306307],
              [-64.77004770047695, 51.76388596301807],
              [-65.18405184051836, 51.773903542848785],
              [-65.50085500855003, 52.09732826309737],
              [-65.99045990459899, 52.06012010944045],
              [-66.30006300062996, 52.28623119704787],
              [-66.37206372063716, 52.14169183091907],
              [-66.48006480064795, 52.33488801336844],
              [-66.350463504635, 52.35921642152874],
              [-66.40806408064076, 52.58962075763503],
              [-66.28926289262888, 52.60965591729645],
              [-66.42606426064256, 53.03611860151803],
              [-66.62406624066236, 52.9373738860439],
              [-66.65646656466559, 52.795696685581035],
              [-66.86526865268648, 52.66117489928294],
              [-67.30087300873004, 52.86868191006191],
              [-67.38367383673832, 53.10481057750003],
              [-67.16767167671672, 53.15346739382062],
              [-66.99486994869943, 53.0819132521727],
              [-66.890468904689, 53.41535555225198],
              [-67.03087030870304, 53.51410026772611],
              [-67.32247322473219, 53.56561924971261],
              [-67.51327513275128, 53.8131965798144],
              [-67.8084780847808, 54.03358333608999],
              [-67.63927639276388, 54.18814028204949],
              [-67.75087750877503, 54.42570003232056],
              [-67.50967509675093, 54.488667676970735],
              [-67.49887498874983, 54.594567806609646],
              [-67.2684726847268, 54.48437442847185],
              [-67.08487084870843, 54.73195175857366],
              [-67.26487264872644, 54.83498972254665],
              [-67.43407434074336, 55.06396297581999],
              [-66.69966699666992, 54.740538255571394],
              [-66.60606606066055, 54.803505900221566],
              [-66.7284672846728, 54.938027686519646],
              [-66.69966699666992, 55.21995100461244],
              [-66.58806588065876, 55.255728075436394],
              [-66.25326253262527, 54.9981331655039],
              [-65.85005850058496, 54.89652628436386],
              [-65.69885698856984, 54.72336526157591],
              [-65.44685446854464, 54.74483150407028],
              [-65.10125101251008, 54.95663176334811],
              [-64.75924759247587, 54.816385645718185],
              [-64.7664476644766, 54.73767608990548],
              [-64.45684456844563, 54.794919403223815],
              [-64.11484114841144, 54.630344877433615],
              [-63.729637296372914, 54.647517871429116],
              [-63.90243902439019, 54.782039657727196],
              [-63.81603816038155, 54.94088985218556],
              [-63.603636036360314, 54.90225061569569],
              [-63.54963549635491, 55.22710641877724],
              [-63.64683646836464, 55.28721189776148],
              [-63.33723337233367, 55.41171610422886],
              [-63.73683736837364, 55.43890667805506],
              [-63.693636936369316, 55.75231381847294],
              [-63.84123841238407, 55.912595095764274],
              [-63.44883448834483, 56.01277089407135],
              [-64.010440104401, 56.07001420738969],
              [-63.94203942039415, 56.25319281000836],
              [-64.1364413644136, 56.303280709161896],
              [-64.14364143641431, 56.436371412627025],
              [-63.87363873638732, 56.45211332378956],
              [-64.12564125641252, 56.68967307406065],
              [-63.87003870038696, 56.89002467067482],
              [-63.87003870038696, 57.068910024794604],
              [-63.744037440374356, 57.22632913642002],
              [-63.69723697236968, 57.65851615197343],
              [-63.92403924039236, 57.79590010393744],
              [-64.05364053640531, 57.76727844727827],
              [-64.22284222842224, 58.044908516872184],
              [-64.40284402844024, 58.0649436765336],
              [-64.3884438844388, 58.188016800168015],
              [-63.819638196381916, 58.485682029423344],
              [-64.03204032040315, 58.52718343157915],
              [-64.02844028440279, 58.681740377538645],
              [-63.53523535235348, 58.72324177969443],
              [-63.72603726037255, 58.8792298084869],
              [-64.12564125641252, 58.7518634363536],
              [-64.30924309243088, 58.88495413981872],
              [-64.88164881648812, 58.93504203897227],
              [-64.82404824048236, 59.03664892011231],
              [-64.41364413644132, 58.98226777245989],
              [-64.53964539645392, 59.285657333047055],
              [-64.41364413644132, 59.52894141464998],
              [-64.67284672846723, 59.45023185883727],
              [-64.8924489244892, 59.56471848547393],
              [-64.81324813248128, 59.81945122974051],
              [-64.66204662046616, 59.93966218770902],
              [-64.90324903249028, 60.04842448301385],
              [-64.60084600846004, 60.11711645899585],
              [-64.84564845648451, 60.26451799079055],
              [-64.53244532445319, 60.30315722728042],
              [-64.53682578783827, 60.30402788606691],
              [-64.53244532445319, 60.30458831011339],
              [-64.12564125641252, 59.90674728255097],
              [-64.24804248042476, 59.742172756760766],
              [-63.86283862838624, 59.611944218961554],
              [-63.794437944379396, 59.4216102021781],
              [-64.0644406444064, 59.39585071118485],
              [-63.53163531635312, 59.34719389486426],
              [-63.542435424354196, 59.21982752273097],
              [-63.36243362433619, 59.188343700405895],
              [-63.744037440374356, 59.018044843283846],
              [-63.38763387633871, 59.10247873042839],
              [-63.16083160831603, 59.029493505947514],
              [-63.16083160831603, 58.92216229347564],
              [-62.926829268292636, 58.82341757800151],
              [-62.84762847628471, 58.66886063204201],
              [-63.265232652326475, 58.46994011826081],
              [-63.00963009630091, 58.42843871610502],
              [-62.57762577625772, 58.50428610625181],
              [-62.66042660426599, 58.175137054671396],
              [-63.078030780307756, 58.15510189500998],
              [-63.139231392313874, 58.00054494905048],
              [-62.926829268292636, 58.13220456968264],
              [-62.45162451624512, 58.167981640506596],
              [-62.523625236252315, 58.11073832718827],
              [-62.06642066420659, 57.898938067910436],
              [-61.89001890018895, 57.62560124681539],
              [-62.24282242822423, 57.54546060816973],
              [-61.81801818018175, 57.3780239167136],
              [-62.02322023220228, 57.257812958745106],
              [-61.78561785617852, 57.1547749947721],
              [-61.3824138241382, 57.12042900678111],
              [-61.33921339213387, 56.934388238496524],
              [-61.49761497614972, 56.788417789534776],
              [-61.38961389613891, 56.62384326374456],
              [-61.89361893618931, 56.80559078353028],
              [-61.86841868418679, 56.636723009241194],
              [-61.94041940419399, 56.616687849579776],
              [-61.66681666816663, 56.503632305776065],
              [-61.9764197641976, 56.51078771994085],
              [-61.62721627216267, 56.28324554950048],
              [-62.07722077220768, 56.29755637783006],
              [-61.93681936819364, 56.2174157391844],
              [-61.3464134641346, 56.22314007051624],
              [-61.40401404014035, 55.959820829251896],
              [-61.13761137611371, 55.97270057474853],
              [-61.065610656106514, 55.8496274511141],
              [-60.601206012060075, 55.81957471162198],
              [-60.601206012060075, 55.627809612005564],
              [-60.48960489604892, 55.81098821462423],
              [-60.33120331203307, 55.75946923263773],
              [-60.49320493204928, 55.6607245171636],
              [-60.20160201602012, 55.42173368405956],
              [-60.363603636036316, 55.39024986173449],
              [-60.53640536405359, 55.204209093449904],
              [-60.35640356403559, 55.25859024110231],
              [-60.66960669606692, 55.00958182816757],
              [-60.140401404014, 55.28434973209556],
              [-60.09000090000896, 55.188467182287354],
              [-59.77679776797764, 55.331575465583185],
              [-59.7983979839798, 55.11261979214056],
              [-59.495994959949556, 55.19419151361919],
              [-59.431194311943074, 55.1426725316327],
              [-59.84879848798484, 54.87506004186949],
              [-59.44919449194488, 55.062531892987025],
              [-59.25119251192507, 55.21565775611357],
              [-59.02799027990275, 55.16127660846115],
              [-58.91998919989196, 54.85502488220807],
              [-58.20358203582032, 54.79778156888973],
              [-57.94077940779404, 54.92514794102303],
              [-57.84717847178467, 54.73910717273844],
              [-57.66717667176667, 54.63320704309953],
              [-57.35397353973535, 54.56737723278344],
              [-57.67797677976775, 54.377043216],
              [-58.18558185581851, 54.35843913917152],
              [-58.603186031860275, 54.056480661417325],
              [-58.85878858788584, 54.05075633008549],
              [-59.4743947439474, 53.82750740814399],
              [-59.86679866798663, 53.838956070807654],
              [-60.08280082800823, 53.764539763493815],
              [-60.136801368013636, 53.52984217888866],
              [-60.50400504005036, 53.70872753300844],
              [-60.82080820808203, 53.780281674656365],
              [-60.10080100801004, 53.50265160506244],
              [-60.38160381603811, 53.33664599643927],
              [-60.3024030240302, 53.27224726895615],
              [-60.02880028800283, 53.35811223893366],
              [-59.87399873998736, 53.488340776732855],
              [-59.510395103951, 53.55560166988191],
              [-59.33039330393299, 53.65720855102194],
              [-59.02079020790204, 53.714451864340276],
              [-59.07119071190708, 53.7960235858189],
              [-58.85158851588511, 53.94199403478065],
              [-58.12798127981276, 54.09798206357311],
              [-58.41598415984156, 54.14091454856187],
              [-58.22878228782284, 54.23536601553711],
              [-57.46557465574651, 54.199588944713156],
              [-57.123571235712305, 53.74164243816648],
              [-57.51597515975155, 53.625724728696866],
              [-57.31797317973175, 53.58565440937403],
              [-57.37917379173787, 53.43395962908045],
              [-57.1343713437134, 53.549877338550075],
              [-56.98316983169828, 53.72733160983691],
              [-56.428764287642835, 53.721607278505076],
              [-56.605166051660476, 53.67867479351632],
              [-55.813158131581275, 53.32949058227449],
              [-55.74835748357479, 53.14631197965582],
              [-55.95715957159567, 53.02180777318844],
              [-55.813158131581275, 52.830042673572024],
              [-56.16236162361619, 52.81859401090837],
              [-55.8023580235802, 52.59820725463278],
              [-56.219962199621946, 52.540963941314445],
              [-55.82755827558272, 52.52235986448599],
              [-55.64755647556471, 52.443650308673284],
              [-55.82395823958235, 52.33059476486957],
              [-55.68355683556831, 52.11163909142695],
              [-55.93555935559351, 51.92559832314237],
              [-56.66996669966696, 51.652261502047324],
              [-56.82476824768243, 51.49054914192304],
              [-57.10197101971015, 51.41899500027512],
              [-57.10197101971015, 52.00001463045619]
            ]
          ],
          [
            [
              [-61.23121231212308, 56.10006694688181],
              [-61.09801098010975, 56.17448325419565],
              [-61.00801008010076, 56.04425471639644],
              [-61.23121231212308, 56.10006694688181]
            ]
          ],
          [
            [
              [-54.14994149941495, 49.75321458271162],
              [-54.031140311403064, 49.65733203290341],
              [-54.27594275942755, 49.57576031142479],
              [-54.14994149941495, 49.75321458271162]
            ]
          ],
          [
            [
              [-54.24354243542432, 47.407669819492924],
              [-54.35154351543511, 47.40337657099404],
              [-54.121141211412066, 47.64236740409808],
              [-54.24354243542432, 47.407669819492924]
            ]
          ],
          [
            [
              [-53.84753847538471, 47.706766131581205],
              [-53.55233552335518, 47.53932944012509],
              [-53.49833498334979, 47.74683645090404],
              [-53.275132751327476, 48.0158800235002],
              [-52.90432904329039, 48.09458957931291],
              [-53.253532535325306, 47.62519441010258],
              [-53.12033120331199, 47.437722558985044],
              [-52.70272702727023, 47.75542294790179],
              [-52.62712627126267, 47.526449694628454],
              [-52.81432814328139, 47.27314803319483],
              [-52.94032940329399, 46.79087311848788],
              [-53.210332103320994, 46.634885089695416],
              [-53.264332643326384, 46.739354136501376],
              [-53.55593555935555, 46.617712095699915],
              [-53.64593645936455, 46.80089069831858],
              [-53.51993519935195, 46.94399898161441],
              [-53.642336423364185, 46.985500383770216],
              [-53.57393573935735, 47.161523572224084],
              [-54.04914049140487, 46.80804611248338],
              [-54.19674196741963, 46.885324585463124],
              [-53.894338943389386, 47.39335899116334],
              [-54.01314013140127, 47.806941929888296],
              [-54.178741787417835, 47.878496071536205],
              [-54.506345063450595, 47.40194548816109],
              [-54.837548375483706, 47.41911848215659],
              [-55.096750967509635, 47.1715411520548],
              [-55.251552515525105, 46.918239490621175],
              [-55.741157411574065, 46.85384076313804],
              [-55.949959499594954, 46.90392866229159],
              [-55.87075870758703, 47.07565860224659],
              [-55.485554855548514, 47.140057329729714],
              [-55.301953019530146, 47.267423701862995],
              [-55.18315183151827, 47.46061988431238],
              [-54.89154891548911, 47.53646727445917],
              [-54.772747727477224, 47.67098906075725],
              [-55.13275132751323, 47.58369300794679],
              [-55.35595355953555, 47.73252562257446],
              [-55.47115471154707, 47.626625492935545],
              [-55.438754387543824, 47.47206854697605],
              [-55.589955899558944, 47.51213886629887],
              [-55.917559175591705, 47.45775771864646],
              [-55.74835748357479, 47.587986256445674],
              [-56.10476104761044, 47.46634421564421],
              [-56.169561695616906, 47.50355236930113],
              [-55.80955809558091, 47.609452498940044],
              [-55.85995859958595, 47.791200018725746],
              [-56.15876158761583, 47.64236740409808],
              [-56.84996849968495, 47.53217402596029],
              [-57.375573755737506, 47.62948765860146],
              [-57.76797767977675, 47.61660791310483],
              [-58.041580415804106, 47.698179634583454],
              [-59.11079110791103, 47.56079568261946],
              [-59.30159301593011, 47.61374574743891],
              [-59.39879398793984, 47.87992715436917],
              [-58.67518675186747, 48.37365073173979],
              [-58.40518405184048, 48.49672385537421],
              [-58.703987039870356, 48.55396716869254],
              [-59.26199261992615, 48.47239544721391],
              [-58.94878948789483, 48.65128080133371],
              [-58.891188911889074, 48.55396716869254],
              [-58.68598685986855, 48.60119290218016],
              [-58.66798667986676, 48.72569710864754],
              [-58.39798397983975, 49.13641788170658],
              [-58.07038070380699, 48.97899877008116],
              [-58.12798127981276, 49.134986798873626],
              [-57.9263792637926, 49.19223011219195],
              [-58.22878228782284, 49.26807750233874],
              [-58.18558185581851, 49.44266960795966],
              [-58.023580235802314, 49.55429406893042],
              [-57.87237872378719, 49.5271034951042],
              [-57.94077940779404, 49.704557766391034],
              [-57.32877328773283, 50.713471163626664],
              [-57.069570695706915, 50.802198299270074],
              [-56.97956979569791, 50.98823906755466],
              [-56.79596795967956, 51.13850276501529],
              [-56.720367203672, 51.31881920196804],
              [-55.82395823958235, 51.623639845388155],
              [-55.888758887588835, 51.50056672175374],
              [-55.409954099540954, 51.57927627756645],
              [-55.61875618756183, 51.304508373638456],
              [-56.03636036360359, 51.384649012284115],
              [-56.018360183601786, 51.21864340366095],
              [-55.71955719557191, 51.184297415669946],
              [-55.74475744757443, 51.06981078903328],
              [-56.428764287642835, 50.3757356150485],
              [-56.52236522365219, 50.1968502609287],
              [-56.73836738367379, 50.026551403806664],
              [-56.83916839168387, 49.55572515176337],
              [-56.54756547565471, 49.854821463851664],
              [-56.36396363963635, 49.89775394884042],
              [-56.14796147961475, 50.15534885877291],
              [-56.14796147961475, 49.960721593490575],
              [-55.892358923589185, 50.03084465230553],
              [-55.766357663576585, 49.939255350996206],
              [-55.49275492754923, 50.015102741143],
              [-55.49635496354959, 49.91922019133479],
              [-56.068760687606826, 49.6988334350592],
              [-55.83475834758343, 49.691678020894415],
              [-56.12996129961296, 49.42978986246304],
              [-55.77355773557731, 49.512792666774615],
              [-55.64395643956435, 49.3897195431402],
              [-55.52155521555211, 49.49418858994616],
              [-55.23715237152368, 49.3897195431402],
              [-55.31635316353159, 49.534258909269],
              [-55.12915129151287, 49.46699801611996],
              [-55.273152731527276, 49.20940310618745],
              [-55.05355053550531, 49.29383699333199],
              [-54.81594815948155, 49.27523291650354],
              [-54.54594545945454, 49.528534577937165],
              [-54.37314373143727, 49.42263444829824],
              [-54.041940419404156, 49.48130884444954],
              [-53.455134551345466, 49.2423180113455],
              [-53.60993609936095, 49.043397497564285],
              [-53.89793897938975, 48.98042985291413],
              [-53.905139051390464, 48.56827799702212],
              [-53.54873548735483, 48.49243060687533],
              [-53.415534155341504, 48.624090227507494],
              [-53.24273242732423, 48.526776594866334],
              [-53.08433084330839, 48.699937617654285],
              [-52.98352983529831, 48.604055067846076],
              [-53.18873188731882, 48.355046654911334],
              [-53.566735667356625, 48.19047212912112],
              [-53.84753847538471, 47.706766131581205]
            ]
          ],
          [
            [
              [-64.27324273242728, 45.83634086890467],
              [-64.64764647646471, 45.55871079931076],
              [-64.90324903249028, 45.42991334434451],
              [-64.9284492844928, 45.326875380371504],
              [-64.69804698046975, 45.326875380371504],
              [-64.57564575645752, 45.41560251601493],
              [-63.592835928359236, 45.39556735635351],
              [-63.35883358833584, 45.36122136836251],
              [-63.80163801638011, 45.31113346920897],
              [-64.36684366843663, 45.10791970692888],
              [-64.34884348843484, 45.31971996620672],
              [-64.86364863648632, 45.13940352925397],
              [-65.72405724057236, 44.72725167336196],
              [-65.53685536855363, 44.73726925319268],
              [-65.74925749257488, 44.60704071539347],
              [-65.78525785257848, 44.69576785103688],
              [-65.99765997659972, 44.57985014156726],
              [-65.8464584645846, 44.55695281623993],
              [-66.11286112861124, 44.34372147412914],
              [-66.21006210062096, 44.08612656419663],
              [-66.170461704617, 43.86001547658921],
              [-66.0264602646026, 43.702596364963796],
              [-65.90765907659072, 43.81994515726639],
              [-65.720457204572, 43.509400182514426],
              [-65.56565565655652, 43.57379890999755],
              [-65.47565475654751, 43.470760946024555],
              [-65.32805328053276, 43.69687203363196],
              [-65.13005130051296, 43.67397470830464],
              [-64.8384483844838, 43.82996273709709],
              [-64.3344433444334, 44.29935790630742],
              [-64.30564305643051, 44.56553931323768],
              [-64.04284042840423, 44.522606828248925],
              [-64.0644406444064, 44.63423128921967],
              [-63.88803888038876, 44.69576785103688],
              [-63.92763927639271, 44.51115816558526],
              [-63.54963549635491, 44.472518929095386],
              [-63.58923589235887, 44.664284028711805],
              [-63.28683286832863, 44.627075875054885],
              [-63.103231032310276, 44.7844949866803],
              [-63.06003060030595, 44.67573269137547],
              [-62.47682476824764, 44.90041269614993],
              [-62.059220592205875, 44.97482900346375],
              [-61.70281702817023, 45.16945626874609],
              [-61.11961119611192, 45.213819836567794],
              [-60.99720997209967, 45.33259971170334],
              [-61.45081450814503, 45.34977270569884],
              [-61.267212672126675, 45.44279308984113],
              [-61.468814688146836, 45.68321500577814],
              [-61.620016200161956, 45.61452302979613],
              [-61.89361893618931, 45.70325016543954],
              [-61.92601926019256, 45.889290933724126],
              [-62.46962469624691, 45.61452302979613],
              [-62.63162631626311, 45.717560993769126],
              [-63.09963099630991, 45.812012460744384],
              [-63.28683286832863, 45.724716407933926],
              [-63.492034920349155, 45.88213551955934],
              [-63.805238052380474, 45.889290933724126],
              [-64.04284042840423, 45.992328897697135],
              [-64.27324273242728, 45.83634086890467]
            ]
          ],
          [
            [
              [-60.07920079200787, 45.791977301082966],
              [-60.12600126001256, 45.86925577406271],
              [-59.86319863198628, 45.9350855843788],
              [-59.809198091980875, 46.16978316898397],
              [-60.28440284402839, 46.327202280609384],
              [-60.475204752047475, 46.23275081363413],
              [-60.78120781207808, 45.95368966120725],
              [-60.70920709207087, 45.89072201655709],
              [-60.399603996039914, 45.99805322902897],
              [-60.7164071640716, 45.791977301082966],
              [-60.73080730807304, 45.69037041994292],
              [-61.10161101611011, 45.77909755558633],
              [-60.914409144091394, 45.85494494573312],
              [-60.74880748807483, 46.06674520501096],
              [-60.4284042840428, 46.28426979562063],
              [-60.57960579605792, 46.26423463595921],
              [-60.349203492034874, 46.61628101286696],
              [-60.338403384033796, 46.87530700563242],
              [-60.49680496804963, 46.89534216529384],
              [-60.38160381603811, 47.01698420609529],
              [-60.60480604806044, 47.03415720009079],
              [-60.86760867608672, 46.79945961548563],
              [-61.0944109441094, 46.454568652742665],
              [-61.54081540815403, 46.04098571401771],
              [-61.45441454414539, 45.71040557960434],
              [-61.33561335613352, 45.565866213475545],
              [-61.00801008010076, 45.6087986984643],
              [-60.727207272072675, 45.565866213475545],
              [-60.39600396003955, 45.6431446864553],
              [-60.07920079200787, 45.791977301082966]
            ]
          ],
          [
            [
              [-95.15378119606227, 49.38133293345275],
              [-94.82103341212778, 49.26833941295812],
              [-94.81594815948154, 49.26664641950579],
              [-94.70434704347038, 48.82301074128871],
              [-94.55355198713272, 48.719026416087466],
              [-94.12282986139208, 48.64741584812872],
              [-93.81873818738181, 48.60691723351199],
              [-93.79783022743824, 48.51154589266053],
              [-93.46556024823978, 48.56031946758874],
              [-93.25353253532529, 48.64269430433596],
              [-92.63432634326338, 48.54251850602887],
              [-92.45792457924574, 48.41372105106262],
              [-92.37056322191596, 48.22887853031187],
              [-92.29839398692046, 48.24848005092793],
              [-92.28413833556331, 48.352724501476985],
              [-92.0295202952029, 48.326424998252165],
              [-91.69111691116906, 48.11891798747321],
              [-91.30769724665683, 48.081807855216745],
              [-90.8959251395852, 48.23868213167235],
              [-90.76400467079883, 48.09368846327651],
              [-90.45642712574103, 48.10888030056135],
              [-90.02430024300237, 48.08457199948221],
              [-89.68229682296817, 47.94432588185229],
              [-89.33309333093325, 48.12178015313913],
              [-89.21429214292138, 48.44520487338771],
              [-88.81828818288177, 48.56970907985509],
              [-88.86508865088645, 48.3836683115705],
              [-88.72828728287277, 48.3836683115705],
              [-88.48708487084865, 48.84877023228195],
              [-88.33948339483389, 48.69421328632245],
              [-88.59148591485909, 48.49243060687533],
              [-88.22428224282237, 48.59689965368129],
              [-88.11988119881194, 48.804406664460245],
              [-88.27108271082706, 48.98901634991188],
              [-88.04788047880473, 49.026224503568784],
              [-87.9434794347943, 48.947514947756076],
              [-87.56187561875613, 48.87739188894112],
              [-87.29187291872913, 48.774353924968125],
              [-86.7266672666726, 48.811562078625045],
              [-86.42786427864273, 48.77292284213516],
              [-86.26586265862653, 48.58688207385059],
              [-86.07506075060745, 48.163281555294915],
              [-85.85905859058585, 47.98439620117513],
              [-85.42345423454229, 47.92715288785679],
              [-84.93024930249297, 47.9715164556785],
              [-84.84384843848433, 47.91713530802609],
              [-85.01305013050126, 47.62090116160371],
              [-84.58464584645841, 47.304631855519915],
              [-84.7754477544775, 46.98836254943613],
              [-84.59544595445949, 46.909652993623425],
              [-84.4334443344433, 46.693559485846706],
              [-84.58824588245876, 46.541864705553124],
              [-84.23379076791836, 46.530211102532675],
              [-84.2246422464224, 46.53327820855537],
              [-84.222766728333, 46.52984865951594],
              [-84.10944109441088, 46.52612279439059],
              [-84.10584105841053, 46.3472374402708],
              [-82.98262982629821, 46.176938583148754],
              [-82.37782377823773, 46.176938583148754],
              [-82.1366213662136, 46.119695269830416],
              [-81.71901719017185, 46.10824660716675],
              [-81.16101161011605, 45.93651666721175],
              [-80.75420754207536, 45.926499087381046],
              [-80.6426064260642, 45.737596153430545],
              [-80.42300423004225, 45.58733245596993],
              [-80.33300333003325, 45.381256528023926],
              [-80.03420034200337, 45.326875380371504],
              [-80.09900099000984, 45.133679197922135],
              [-79.82539825398248, 44.94334518113867],
              [-79.72099720997204, 44.78878823517917],
              [-79.94779947799472, 44.86892887382484],
              [-80.10980109801093, 44.82170314033722],
              [-79.99099990999905, 44.69290568537096],
              [-80.10980109801093, 44.4753810947613],
              [-80.5994059940599, 44.62421370938897],
              [-80.76140761407609, 44.71866517636421],
              [-80.93780937809373, 44.59272988706388],
              [-80.93420934209337, 44.81025447767355],
              [-81.11781117811172, 44.794512566511],
              [-80.95220952209517, 44.970535754964885],
              [-81.25821258212576, 45.00201957728997],
              [-81.30141301413009, 45.25245907305768],
              [-81.60741607416068, 45.25245907305768],
              [-81.60021600215997, 45.18233601424272],
              [-81.27981279812794, 44.81311664333947],
              [-81.27981279812794, 44.60704071539347],
              [-81.59301593015925, 44.32654848013364],
              [-81.74421744217437, 44.08469548136368],
              [-81.70101701017005, 43.51512451384626],
              [-81.72981729817293, 43.38203381038113],
              [-82.15102151021505, 43.090092912457635],
              [-82.41984203397388, 43.003235085693326],
              [-82.57699955831868, 42.55919082415878],
              [-82.41742417424169, 42.49619353677993],
              [-82.43902439024384, 42.33877442515451],
              [-83.07983079830792, 42.30299735433056],
              [-83.12303123031225, 42.07259301822427],
              [-82.91782917829173, 41.988159131079726],
              [-82.62262622626221, 42.038247030233265],
              [-82.50742507425069, 41.91374282376589],
              [-82.37062370623701, 42.13699174570739],
              [-82.06102061020604, 42.26149595217477],
              [-81.84501845018445, 42.277237863337305],
              [-81.79461794617941, 42.4046042354706],
              [-81.35901359013585, 42.649319399906474],
              [-80.93420934209337, 42.666492393901976],
              [-80.51300513005124, 42.57204092692672],
              [-80.18900189001884, 42.792427683202305],
              [-79.71739717397169, 42.86684399051613],
              [-79.20259202592021, 42.879723736012764],
              [-79.10228005508829, 42.85182850566885],
              [-78.90857279093147, 42.906477761757785],
              [-78.91647258438593, 42.94446170014832],
              [-79.02057671182664, 42.9984616581451],
              [-78.99947452383189, 43.06122714038585],
              [-79.07414380442866, 43.080706083150226],
              [-79.04438430853864, 43.142930483647525],
              [-79.06191535702658, 43.26976004431333],
              [-79.32859328593281, 43.19026871076473],
              [-79.69219692196917, 43.24178769275122],
              [-79.77499774997744, 43.329083745561675],
              [-79.4725947259472, 43.64821521731139],
              [-79.08739087390869, 43.827100571431174],
              [-78.60858608586081, 43.9158277070746],
              [-77.90657906579061, 43.985950765889555],
              [-77.60057600576, 44.044625162040845],
              [-77.49257492574921, 43.95160477789855],
              [-77.03537035370348, 43.97163993755997],
              [-76.66096660966605, 44.22351051616063],
              [-76.45216452164516, 44.24354567582205],
              [-75.93502521623543, 44.382957087290215],
              [-75.75122725219083, 44.52509880169764],
              [-75.27135271352708, 44.86320454249301],
              [-74.86814868148676, 45.01060607428772],
              [-74.71334713347129, 44.999157411624054],
              [-74.71185577684436, 45.00005829995802],
              [-74.51518110829757, 45.09181661660739],
              [-74.50513396113037, 45.12258600480694],
              [-74.34741210489506, 45.20859615507945],
              [-74.47188539468014, 45.303432947296656],
              [-74.38086670523846, 45.56646988503447],
              [-74.64494644946444, 45.65602443195192],
              [-75.28215282152816, 45.57731487613921],
              [-75.88335883358829, 45.39986060485238],
              [-76.04896048960484, 45.515778314322006],
              [-76.34416344163436, 45.47284582933325],
              [-76.6465664656646, 45.58017704180513],
              [-76.79776797767973, 45.87498010539454],
              [-76.96336963369629, 45.78911513541705],
              [-77.13977139771393, 45.83920303457059],
              [-77.29097290972905, 46.000915394694886],
              [-77.65817658176577, 46.18409399731354],
              [-78.69498694986945, 46.335788777607135],
              [-78.96498964989645, 46.53327820855537],
              [-79.16299162991625, 46.82378802364592],
              [-79.43299432994324, 47.08710726491026],
              [-79.44379443794433, 47.274579116027795],
              [-79.58059580595801, 47.45203338731463],
              [-79.51579515795153, 47.56508893111834],
              [-79.5193951939519, 51.46622073376274],
              [-79.71768686089095, 51.34536718319981],
              [-79.74619746197456, 51.124191936685705],
              [-80.10980109801093, 51.295921876640705],
              [-80.43020430204297, 51.35745843845791],
              [-80.59580595805953, 51.71093589819861],
              [-80.9774097740977, 52.00144571328916],
              [-81.3554135541355, 52.10448367726215],
              [-81.58221582215816, 52.31628393653999],
              [-81.56421564215637, 52.4565300541699],
              [-81.91701917019165, 52.67977897611141],
              [-81.98901989019885, 52.79855885124695],
              [-82.30222302223017, 52.967426625536035],
              [-82.23742237422368, 53.22072828696966],
              [-82.11862118621181, 53.277971600287984],
              [-82.21942219422189, 53.60425848620248],
              [-82.12582125821253, 53.81176549698145],
              [-82.24102241022405, 54.065067158415076],
              [-82.43182431824313, 54.228210601372325],
              [-82.42102421024205, 54.384198630164775],
              [-82.20142201422009, 54.83355863971369],
              [-82.25182251822513, 55.1183441234724],
              [-82.87822878228776, 55.159845525628185],
              [-83.65943659436589, 55.24857266127161],
              [-83.92943929439289, 55.32585113425135],
              [-84.61344613446128, 55.24571049560569],
              [-84.94464944649441, 55.29579839475923],
              [-85.20025200251997, 55.242848329939775],
              [-85.15345153451528, 55.360197122242354],
              [-85.43785437854373, 55.42888909822436],
              [-85.69705697056965, 55.60348120384528],
              [-86.29106291062905, 55.72512324464674],
              [-86.97866978669781, 55.934061338258644],
              [-87.31707317073165, 55.96268299491781],
              [-87.57987579875794, 56.0456857992294],
              [-87.9794797947979, 56.44352682679181],
              [-88.31068310683101, 56.53797829376707],
              [-88.94788947889474, 56.8528165170179],
              [-95.15435154351538, 52.82145617657429],
              [-95.15378119606227, 49.38133293345275]
            ]
          ],
          [
            [
              [-88.08748087480869, 48.82587290695463],
              [-88.0694806948069, 48.71138628031795],
              [-87.8174781747817, 48.758612013805575],
              [-87.77067770677701, 48.858787812112666],
              [-88.08748087480869, 48.82587290695463]
            ]
          ],
          [
            [
              [-83.81423814238137, 46.14259259515775],
              [-83.84303843038425, 46.26852788445808],
              [-84.10224102241017, 46.31718470077867],
              [-83.94743947439468, 46.07533170200871],
              [-83.81423814238137, 46.14259259515775]
            ]
          ],
          [
            [
              [-85.61065610656101, 47.73824995390629],
              [-85.85905859058585, 47.80407976422238],
              [-85.93825938259377, 47.72680129124262],
              [-85.61065610656101, 47.73824995390629]
            ]
          ],
          [
            [
              [-81.67941679416789, 45.909326093385545],
              [-81.78741787417869, 45.744751567595344],
              [-81.95301953019525, 45.98803564919825],
              [-82.14022140221397, 45.85494494573312],
              [-82.2986229862298, 45.98803564919825],
              [-82.75942759427589, 45.84635844873539],
              [-82.80982809828093, 45.992328897697135],
              [-83.16263162631621, 45.97515590370163],
              [-83.22383223832233, 45.88642876805821],
              [-82.68382683826833, 45.79483946674888],
              [-81.84141841418409, 45.52579589415271],
              [-81.60381603816033, 45.75190698176013],
              [-81.67941679416789, 45.909326093385545]
            ]
          ],
          [
            [
              [-62.00522005220047, 46.46458623257338],
              [-62.5164251642516, 46.47603489523705],
              [-63.23643236432359, 46.40734291925504],
              [-63.33363333633332, 46.498932220564384],
              [-63.63963639636391, 46.567624196546376],
              [-63.69723697236968, 46.45743081840858],
              [-64.09324093240927, 46.77942445582421],
              [-63.9744397443974, 46.893911082460875],
              [-63.99603996039956, 47.06707210524884],
              [-64.23004230042295, 46.90392866229159],
              [-64.41724417244167, 46.68211082318304],
              [-64.12924129241287, 46.59910801887146],
              [-64.12564125641252, 46.41020508492096],
              [-63.73683736837364, 46.395894256591376],
              [-63.628836288362834, 46.224164316636376],
              [-63.28323283232828, 46.146885843656634],
              [-63.11763117631172, 46.215577819638625],
              [-62.86562865628652, 46.135437180992966],
              [-62.99522995229948, 46.06245195651209],
              [-62.84762847628471, 45.97801806936755],
              [-62.54522545225447, 45.97229373803572],
              [-62.35802358023575, 46.36154826860037],
              [-62.00522005220047, 46.46458623257338]
            ]
          ],
          [
            [
              [-57.249572495724905, 51.50772213591853],
              [-57.602376023760186, 51.4333058286047],
              [-57.685176851768475, 51.480531562092324],
              [-57.97677976779764, 51.33026786463169],
              [-58.23238232382319, 51.27731779981224],
              [-58.451984519845155, 51.31595703630212],
              [-58.67158671586711, 51.2272299006587],
              [-58.62478624786243, 51.15138251051191],
              [-58.96318963189627, 51.00827422721608],
              [-58.95238952389519, 50.82938887309629],
              [-59.0963909639096, 50.81221587910079],
              [-59.582395823958194, 50.484497910353326],
              [-59.80199801998015, 50.445858673863455],
              [-59.82719827198267, 50.328509881560876],
              [-60.13320133201327, 50.21259217209125],
              [-60.83520835208347, 50.256955739912954],
              [-61.310413104131, 50.199712426594616],
              [-61.71721717217167, 50.09953662828754],
              [-61.86481864818643, 50.22976516608675],
              [-62.750427504274995, 50.287008479405074],
              [-63.17523175231747, 50.28987064507099],
              [-63.441634416344115, 50.22260975192195],
              [-63.7224372243722, 50.304181473400575],
              [-64.24804248042476, 50.27126656824254],
              [-64.47124471244707, 50.32278555022904],
              [-64.88884888848884, 50.274128733908455],
              [-65.25965259652591, 50.32278555022904],
              [-65.73845738457379, 50.256955739912954],
              [-65.92925929259287, 50.29273281073691],
              [-66.08766087660872, 50.19255701242983],
              [-66.41166411664112, 50.26411115407774],
              [-66.63486634866344, 50.18540159826503],
              [-67.13167131671312, 49.83192413852433],
              [-67.24687246872463, 49.45841151912221],
              [-67.3764737647376, 49.339631643986664],
              [-68.05328053280527, 49.29383699333199],
              [-68.30168301683013, 49.19223011219195],
              [-68.17928179281787, 49.12496921904291],
              [-68.59328593285927, 49.05484616022795],
              [-69.0684906849068, 48.75574984813967],
              [-69.4464944649446, 48.296372258760044],
              [-69.79929799297987, 48.15612614113013],
              [-69.9864998649986, 48.27776818193158],
              [-70.98730987309868, 48.46524003304913],
              [-70.74610746107456, 48.355046654911334],
              [-70.47610476104757, 48.356477737744285],
              [-70.02610026100255, 48.25343977377129],
              [-69.7344973449734, 48.12321123597208],
              [-69.9324993249932, 47.77259594189729],
              [-70.19890198901984, 47.59514167061046],
              [-70.2385023850238, 47.49496587230338],
              [-70.48690486904864, 47.44487797314983],
              [-70.71370713707132, 47.11716000440238],
              [-70.9585095850958, 47.02127745459417],
              [-71.3545135451354, 46.739354136501376],
              [-71.88011880118796, 46.69069732018079],
              [-72.22932229322288, 46.55331336821679],
              [-72.25729249773696, 46.47270287530768],
              [-71.84411844118436, 46.66779999485347],
              [-71.7145171451714, 46.6320229240295],
              [-71.30411304113036, 46.74507846783321],
              [-71.15651156511561, 46.84096101764142],
              [-70.53370533705332, 47.01125987476347],
              [-70.02970029700292, 47.46920638131013],
              [-69.05409054090536, 48.23197353127692],
              [-68.2044820448204, 48.641263221502996],
              [-66.620466204662, 49.12210705337699],
              [-66.22086220862204, 49.2079720233545],
              [-65.56565565655652, 49.26664641950579],
              [-64.9644496444964, 49.21942068601817],
              [-64.55404554045536, 49.09777864521671],
              [-64.22284222842224, 48.89456488293662],
              [-64.16884168841683, 48.76147417947149],
              [-64.52884528845284, 48.88168513744],
              [-64.16164161641612, 48.62981455883933],
              [-64.35964359643592, 48.41372105106262],
              [-64.72324723247227, 48.335011495249915],
              [-64.78084780847804, 48.20335187461775],
              [-65.180451804518, 48.04307059732642],
              [-65.4324543245432, 48.00300027800358],
              [-65.78525785257848, 48.116055821807294],
              [-65.89685896858964, 48.22481811711212],
              [-66.09486094860944, 48.09745174497883],
              [-66.51606516065156, 48.10746932480954],
              [-66.84366843668433, 47.99727594667175],
              [-67.40887408874084, 47.87706498870325],
              [-67.61407614076136, 47.99727594667175],
              [-68.11448114481139, 47.99727594667175],
              [-68.37728377283769, 47.92858397068974],
              [-68.38808388083876, 47.55793351695354],
              [-68.55368553685533, 47.43629147615208],
              [-68.9800347396186, 47.314550939771024],
              [-69.06489064890644, 47.29032102719033],
              [-69.05418848256114, 47.416532367042805],
              [-69.2484924849248, 47.43486039331913],
              [-69.94329943299428, 46.74937171633209],
              [-70.05490054900544, 46.41736049908576],
              [-70.23839545326142, 46.24108226616659],
              [-70.310503105031, 46.072469536342794],
              [-70.26370263702633, 45.95655182687317],
              [-70.40770407704072, 45.73187182209871],
              [-70.6885068850688, 45.573021627640344],
              [-70.90810908109076, 45.246734741725845],
              [-71.01611016110157, 45.342617291534054],
              [-71.14825018335071, 45.24884475590549],
              [-71.28149982547363, 45.278595650341316],
              [-71.42078574070409, 45.14851231925643],
              [-71.50571505715052, 45.01346823995364],
              [-73.4067892433668, 45.00498661061666],
              [-74.71334713347129, 44.999157411624054],
              [-74.40014400143997, 45.1451278605858],
              [-74.04734047340469, 45.23242391339626],
              [-73.68733687336868, 45.431344427177464],
              [-73.55773557735573, 45.41417143318196],
              [-73.41373413734132, 45.75190698176013],
              [-73.32608108689777, 45.8500196629396],
              [-73.4965349653496, 45.72757857359984],
              [-73.75573755737553, 45.67605959161334],
              [-74.04374043740432, 45.48429449199692],
              [-73.96093960939605, 45.35406595419771],
              [-74.34741210489506, 45.20859615507945],
              [-74.47188539468014, 45.303432947296656],
              [-74.38086670523846, 45.56646988503447],
              [-74.64494644946444, 45.65602443195192],
              [-75.28215282152816, 45.57731487613921],
              [-75.88335883358829, 45.39986060485238],
              [-76.04896048960484, 45.515778314322006],
              [-76.34416344163436, 45.47284582933325],
              [-76.6465664656646, 45.58017704180513],
              [-76.79776797767973, 45.87498010539454],
              [-76.96336963369629, 45.78911513541705],
              [-77.13977139771393, 45.83920303457059],
              [-77.29097290972905, 46.000915394694886],
              [-77.65817658176577, 46.18409399731354],
              [-78.69498694986945, 46.335788777607135],
              [-78.96498964989645, 46.53327820855537],
              [-79.16299162991625, 46.82378802364592],
              [-79.43299432994324, 47.08710726491026],
              [-79.44379443794433, 47.274579116027795],
              [-79.58059580595801, 47.45203338731463],
              [-79.51579515795153, 47.56508893111834],
              [-79.5193951939519, 51.46622073376274],
              [-79.55899558995584, 51.55494786940616],
              [-79.3465934659346, 51.662279081878026],
              [-79.2478430172487, 51.540111550445786],
              [-78.99134907800492, 51.46456881491508],
              [-78.91818918189176, 51.23295423199053],
              [-78.79218792187916, 51.610760099891536],
              [-79.04059040590401, 51.76817921151695],
              [-78.83898838988385, 51.84259551883078],
              [-78.89298892988924, 51.94706456563674],
              [-78.590585905859, 52.10591476009512],
              [-78.50058500585001, 52.356354255862826],
              [-78.58698586985865, 52.54239502414741],
              [-78.78498784987845, 52.65974381644999],
              [-78.77418774187737, 52.825749425073155],
              [-78.98298982989824, 53.02896318735324],
              [-78.90018900188997, 53.20069312730824],
              [-78.94338943389428, 53.382440647093944],
              [-79.11619116191157, 53.50837593639427],
              [-78.97938979389788, 54.019272507760405],
              [-79.17019170191696, 54.090826649408314],
              [-79.04779047790473, 54.18098486788469],
              [-79.3825938259382, 54.19386461338132],
              [-79.49059490594901, 54.46290818597748],
              [-79.76419764197637, 54.653242202760936],
              [-79.62739627396269, 54.714778764578156],
              [-78.9685896858968, 54.85216271654215],
              [-78.3925839258392, 55.02818590499602],
              [-77.78057780577801, 55.272901069431896],
              [-77.11457114571141, 55.675035345493185],
              [-77.16497164971645, 55.70938133348419],
              [-76.65736657366568, 56.07287637305561],
              [-76.54576545765453, 56.294694212164146],
              [-76.5025650256502, 56.784124541035894],
              [-76.58896588965885, 57.270692704241725],
              [-76.8085680856808, 57.67568914596893],
              [-77.07857078570781, 57.96190571256061],
              [-77.60057600576, 58.271019604479605],
              [-78.03258032580321, 58.388368396782184],
              [-78.57258572585721, 58.67601604620681],
              [-78.4753847538475, 58.69891337153415],
              [-78.54378543785432, 58.90212713381422],
              [-78.31338313383128, 58.98369885529284],
              [-78.10818108181077, 59.209809942900264],
              [-77.82017820178197, 59.292812747211855],
              [-77.88137881378809, 59.48457784682826],
              [-77.73737737377368, 59.53895899448068],
              [-77.7985779857798, 59.68349836060948],
              [-77.29097290972905, 59.79941607007909],
              [-77.41697416974165, 59.913902696715766],
              [-77.23697236972365, 60.00549199802509],
              [-77.63297632976325, 60.0670285598423],
              [-77.40977409774092, 60.135720535824305],
              [-77.74097740977405, 60.42623035091485],
              [-77.5465754657546, 60.5478723917163],
              [-77.83097830978305, 60.643754941524506],
              [-77.60777607776073, 60.75967265099413],
              [-77.89577895778953, 60.75251723682935],
              [-78.16578165781652, 60.868434946298976],
              [-77.81297812978124, 61.0873906197416],
              [-77.78417784177837, 61.455178907811884],
              [-77.5465754657546, 61.485231647304005],
              [-77.79137791377909, 61.701325155080724],
              [-77.93897938979384, 61.694169740915925],
              [-78.0865808658086, 61.887365923365294],
              [-78.15498154981545, 62.29665561359138],
              [-78.02538025380248, 62.39110708056663],
              [-77.49257492574921, 62.58859651151488],
              [-76.970569705697, 62.54280186086021],
              [-75.59175591755913, 62.26660287409926],
              [-75.32895328953285, 62.31812185608575],
              [-75.00495004950045, 62.26946503976518],
              [-74.77094770947704, 62.15784057879442],
              [-74.70614706147056, 62.25229204576968],
              [-74.41814418144176, 62.25229204576968],
              [-73.66933669336689, 62.48269638187597],
              [-73.57213572135716, 62.39540032906551],
              [-73.2085320853208, 62.31239752475392],
              [-73.06093060930604, 62.187893318286555],
              [-72.62892628926284, 62.11633917663863],
              [-72.60372603726032, 61.94317815385068],
              [-72.23292232922324, 61.88164159203346],
              [-71.99531995319948, 61.67699674692042],
              [-71.65331653316528, 61.64980617309422],
              [-71.54891548915484, 61.57395878294743],
              [-71.8045180451804, 61.54247496062234],
              [-71.89091890918904, 61.43657483098343],
              [-71.58491584915843, 61.41081533999018],
              [-71.8045180451804, 61.34784769534001],
              [-71.3725137251372, 61.148927181558804],
              [-70.45810458104576, 61.03014730642326],
              [-70.32490324903245, 61.10027036523822],
              [-70.10890108901084, 61.06020004591538],
              [-70.09090090900904, 60.902780934289964],
              [-69.93969939699392, 60.83981328963981],
              [-69.5364953649536, 61.0802352055768],
              [-69.38169381693812, 60.79974297031697],
              [-69.72009720097196, 60.68382526084734],
              [-69.65889658896585, 60.583649462540265],
              [-69.82809828098276, 60.52640614922193],
              [-69.770497704977, 60.32462346977481],
              [-69.60129601296008, 60.224447671467715],
              [-69.77409774097735, 60.00406091519214],
              [-70.29610296102956, 60.02552715768651],
              [-70.57690576905765, 59.976870341365924],
              [-69.770497704977, 59.97114601003409],
              [-69.56169561695611, 59.86524588039518],
              [-69.65889658896585, 59.703533520270895],
              [-69.52209522095217, 59.67634294644468],
              [-69.69129691296908, 59.561856319808015],
              [-69.6264962649626, 59.307123575541425],
              [-69.4464944649446, 59.361504723193846],
              [-69.23409234092335, 59.24129376522535],
              [-69.45009450094496, 59.22841401972872],
              [-69.54009540095396, 59.12823822142164],
              [-69.45009450094496, 58.89497171964943],
              [-69.68409684096837, 58.80481350117306],
              [-69.83889838898384, 59.045235417110064],
              [-69.80289802898024, 58.82627974366743],
              [-69.92169921699212, 58.779054010179806],
              [-69.79569795697952, 58.598737573227055],
              [-69.6084960849608, 58.76044993335135],
              [-69.25569255692552, 58.8992649681483],
              [-68.78768787687872, 58.92216229347564],
              [-68.36288362883624, 58.78334725867869],
              [-68.29088290882903, 58.53433884574393],
              [-68.19008190081895, 58.5457875084076],
              [-68.34128341283407, 58.14508431517926],
              [-68.47808478084777, 58.04347743403923],
              [-68.97128971289708, 57.96047462972764],
              [-69.22329223292228, 57.861729914253516],
              [-68.46728467284667, 58.0205801087119],
              [-68.30888308883084, 58.120755907018975],
              [-68.13608136081356, 58.522890183080264],
              [-67.89127891278908, 58.49856177491998],
              [-67.8984789847898, 58.255277693317055],
              [-67.78687786877865, 58.46994011826081],
              [-67.67527675276747, 58.42414546760614],
              [-67.66087660876605, 58.116462658520106],
              [-67.4664746647466, 58.28533043280919],
              [-66.94806948069476, 58.49856177491998],
              [-66.67086670866703, 58.540063177075766],
              [-66.38286382863824, 58.853470317493645],
              [-65.9364593645936, 58.60875515305777],
              [-66.10926109261088, 58.779054010179806],
              [-65.80325803258027, 58.86778114582323],
              [-65.96525965259647, 58.89067847115055],
              [-65.64125641256408, 59.07385707376922],
              [-65.74205742057416, 59.268484339051554],
              [-65.37125371253708, 59.27993300171522],
              [-65.5584555845558, 59.49173326099306],
              [-65.42885428854284, 59.531803580315895],
              [-65.54765547655472, 59.7307240940971],
              [-65.22365223652231, 59.84091747223489],
              [-65.06525065250648, 59.97830142419889],
              [-64.84924849248488, 60.366124871930595],
              [-64.53682578783827, 60.30402788606691],
              [-64.53244532445319, 60.30315722728042],
              [-64.84564845648451, 60.26451799079055],
              [-64.60084600846004, 60.11711645899585],
              [-64.90324903249028, 60.04842448301385],
              [-64.66204662046616, 59.93966218770902],
              [-64.81324813248128, 59.81945122974051],
              [-64.8924489244892, 59.56471848547393],
              [-64.67284672846723, 59.45023185883727],
              [-64.41364413644132, 59.52894141464998],
              [-64.53964539645392, 59.285657333047055],
              [-64.41364413644132, 58.98226777245989],
              [-64.82404824048236, 59.03664892011231],
              [-64.88164881648812, 58.93504203897227],
              [-64.30924309243088, 58.88495413981872],
              [-64.12564125641252, 58.7518634363536],
              [-63.72603726037255, 58.8792298084869],
              [-63.53523535235348, 58.72324177969443],
              [-64.02844028440279, 58.681740377538645],
              [-64.03204032040315, 58.52718343157915],
              [-63.819638196381916, 58.485682029423344],
              [-64.3884438844388, 58.188016800168015],
              [-64.40284402844024, 58.0649436765336],
              [-64.22284222842224, 58.044908516872184],
              [-64.05364053640531, 57.76727844727827],
              [-63.92403924039236, 57.79590010393744],
              [-63.69723697236968, 57.65851615197343],
              [-63.744037440374356, 57.22632913642002],
              [-63.87003870038696, 57.068910024794604],
              [-63.87003870038696, 56.89002467067482],
              [-64.12564125641252, 56.68967307406065],
              [-63.87363873638732, 56.45211332378956],
              [-64.14364143641431, 56.436371412627025],
              [-64.1364413644136, 56.303280709161896],
              [-63.94203942039415, 56.25319281000836],
              [-64.010440104401, 56.07001420738969],
              [-63.44883448834483, 56.01277089407135],
              [-63.84123841238407, 55.912595095764274],
              [-63.693636936369316, 55.75231381847294],
              [-63.73683736837364, 55.43890667805506],
              [-63.33723337233367, 55.41171610422886],
              [-63.64683646836464, 55.28721189776148],
              [-63.54963549635491, 55.22710641877724],
              [-63.603636036360314, 54.90225061569569],
              [-63.81603816038155, 54.94088985218556],
              [-63.90243902439019, 54.782039657727196],
              [-63.729637296372914, 54.647517871429116],
              [-64.11484114841144, 54.630344877433615],
              [-64.45684456844563, 54.794919403223815],
              [-64.7664476644766, 54.73767608990548],
              [-64.75924759247587, 54.816385645718185],
              [-65.10125101251008, 54.95663176334811],
              [-65.44685446854464, 54.74483150407028],
              [-65.69885698856984, 54.72336526157591],
              [-65.85005850058496, 54.89652628436386],
              [-66.25326253262527, 54.9981331655039],
              [-66.58806588065876, 55.255728075436394],
              [-66.69966699666992, 55.21995100461244],
              [-66.7284672846728, 54.938027686519646],
              [-66.60606606066055, 54.803505900221566],
              [-66.69966699666992, 54.740538255571394],
              [-67.43407434074336, 55.06396297581999],
              [-67.26487264872644, 54.83498972254665],
              [-67.08487084870843, 54.73195175857366],
              [-67.2684726847268, 54.48437442847185],
              [-67.49887498874983, 54.594567806609646],
              [-67.50967509675093, 54.488667676970735],
              [-67.75087750877503, 54.42570003232056],
              [-67.63927639276388, 54.18814028204949],
              [-67.8084780847808, 54.03358333608999],
              [-67.51327513275128, 53.8131965798144],
              [-67.32247322473219, 53.56561924971261],
              [-67.03087030870304, 53.51410026772611],
              [-66.890468904689, 53.41535555225198],
              [-66.99486994869943, 53.0819132521727],
              [-67.16767167671672, 53.15346739382062],
              [-67.38367383673832, 53.10481057750003],
              [-67.30087300873004, 52.86868191006191],
              [-66.86526865268648, 52.66117489928294],
              [-66.65646656466559, 52.795696685581035],
              [-66.62406624066236, 52.9373738860439],
              [-66.42606426064256, 53.03611860151803],
              [-66.28926289262888, 52.60965591729645],
              [-66.40806408064076, 52.58962075763503],
              [-66.350463504635, 52.35921642152874],
              [-66.48006480064795, 52.33488801336844],
              [-66.37206372063716, 52.14169183091907],
              [-66.30006300062996, 52.28623119704787],
              [-65.99045990459899, 52.06012010944045],
              [-65.50085500855003, 52.09732826309737],
              [-65.18405184051836, 51.773903542848785],
              [-64.77004770047695, 51.76388596301807],
              [-64.52884528845284, 51.59215602306307],
              [-64.28044280442799, 51.73955755485778],
              [-64.33804338043376, 52.01146329311986],
              [-64.23364233642332, 51.98141055362774],
              [-64.12924129241287, 52.386406995354946],
              [-64.190441904419, 52.57244776363953],
              [-64.10764107641072, 52.719849295434244],
              [-63.603636036360314, 52.78567910575032],
              [-63.38403384033836, 52.67262356194661],
              [-63.95283952839523, 52.579603177804316],
              [-64.0824408244082, 52.473703048165405],
              [-63.9744397443974, 52.35349209019691],
              [-63.77283772837724, 52.33488801336844],
              [-63.67203672036716, 52.03579170128016],
              [-63.74043740437399, 52.00001463045619],
              [-57.10197101971015, 52.00001463045619],
              [-57.10197101971015, 51.41899500027512],
              [-57.249572495724905, 51.50772213591853]
            ]
          ],
          [
            [
              [-69.08289082890823, 59.0609773282726],
              [-69.36369363693632, 58.96366369563144],
              [-69.35289352893524, 59.14111796691826],
              [-69.10089100891004, 59.13110038708756],
              [-69.08289082890823, 59.0609773282726]
            ]
          ],
          [
            [
              [-73.53973539735392, 45.48286340916397],
              [-73.97533975339748, 45.44422417267408],
              [-73.50013500134996, 45.71040557960434],
              [-73.53973539735392, 45.48286340916397]
            ]
          ],
          [
            [
              [-70.86130861308608, 46.94543006444738],
              [-71.12411124111236, 46.87673808846537],
              [-70.84330843308427, 47.03272611725784],
              [-70.86130861308608, 46.94543006444738]
            ]
          ],
          [
            [
              [-62.01602016020155, 47.245957459368626],
              [-61.94041940419399, 47.40194548816109],
              [-61.670416704166996, 47.54648485428987],
              [-62.01602016020155, 47.245957459368626]
            ]
          ],
          [
            [
              [-64.51084510845104, 49.86770120934828],
              [-64.13284132841324, 49.95070401365987],
              [-63.37323373233728, 49.82906197285841],
              [-62.53442534425339, 49.604381968083956],
              [-62.20322203222028, 49.4140479513005],
              [-61.882818828188235, 49.35394247231625],
              [-61.65961659616592, 49.15072871003616],
              [-61.706417064170594, 49.09777864521671],
              [-62.246422464224594, 49.067725905724586],
              [-63.0924309243092, 49.23230043151479],
              [-63.58563585635852, 49.3897195431402],
              [-63.63963639636391, 49.512792666774615],
              [-63.92403924039236, 49.67450502689891],
              [-64.32004320043195, 49.79185381920149],
              [-64.51084510845104, 49.86770120934828]
            ]
          ],
          [
            [
              [-110.00090000900003, 48.99330959841075],
              [-106.01946751397405, 48.999089700338764],
              [-101.36494821324045, 48.99903392974258],
              [-102.0016200162001, 55.816712545956065],
              [-102.0016200162001, 59.99976766669326],
              [-110.00090000900003, 59.99976766669326],
              [-110.00090000900003, 48.99797893352443],
              [-110.00090000900003, 48.99330959841075]
            ]
          ],
          [
            [
              [-110.00090000900003, 59.99976766669326],
              [-102.0016200162001, 59.99976766669326],
              [-101.99801998019974, 64.22718635525217],
              [-109.33584962677324, 64.84125590319499],
              [-110.70650706507058, 65.50085007658508],
              [-112.50292502925024, 65.50085007658508],
              [-116.41093516593274, 66.82678741354616],
              [-120.68220682206815, 68.01526261409286],
              [-120.68220682206815, 69.556538825189],
              [-120.80820808208075, 69.62379971833803],
              [-121.42741427414268, 69.76690800163385],
              [-122.03582035820352, 69.81842698362036],
              [-122.48222482224816, 69.80268507245782],
              [-122.95022950229496, 69.83846214328179],
              [-123.15903159031583, 69.76977016729978],
              [-123.17703177031763, 69.49643334620475],
              [-123.67743677436768, 69.36048047707371],
              [-123.99783997839972, 69.40341296206245],
              [-124.43704437044363, 69.36906697407144],
              [-124.07344073440728, 69.72826876514398],
              [-124.48024480244796, 69.72111335097921],
              [-124.4046440464404, 69.85992838577616],
              [-124.54144541445407, 69.97012176391394],
              [-124.39024390243895, 70.02020966306748],
              [-124.40824408244076, 70.15473144936558],
              [-124.70344703447029, 70.15186928369965],
              [-124.67104671046704, 70.07888405921878],
              [-125.00585005850053, 70.02020966306748],
              [-124.63864638646379, 69.97441501241283],
              [-124.89784897848972, 69.94150010725477],
              [-125.03105031050305, 69.74687284197245],
              [-125.36945369453687, 69.69392277715298],
              [-125.41625416254155, 69.6037645586766],
              [-125.11745117451167, 69.48927793203995],
              [-125.4846548465484, 69.51360634020023],
              [-125.62505625056244, 69.42058595605795],
              [-125.3046530465304, 69.47353602087742],
              [-125.160651606516, 69.38623996806695],
              [-125.430654306543, 69.39911971356358],
              [-125.42345423454228, 69.3189790749179],
              [-125.93825938259376, 69.41343054189315],
              [-126.24426244262436, 69.5250550028639],
              [-126.70146701467007, 69.76690800163385],
              [-126.86706867068665, 70.00160558623904],
              [-127.13707137071364, 70.2534761648397],
              [-127.4466744667446, 70.40660202796624],
              [-127.99027990279896, 70.59264279625083],
              [-128.1774817748177, 70.37941145414004],
              [-128.03348033480327, 70.29354648416253],
              [-127.58707587075864, 70.23773425367716],
              [-128.1126811268112, 70.18907743735656],
              [-128.37188371883713, 70.09748813604725],
              [-128.310683106831, 69.9887258407424],
              [-128.9946899468994, 69.6796119488234],
              [-129.1746917469174, 69.83273781194995],
              [-128.9334893348933, 69.84561755744656],
              [-128.8866888668886, 69.97584609524577],
              [-129.12429124291236, 69.85563513727729],
              [-130.3375033750337, 69.70250927415074],
              [-130.45630456304556, 69.57943615051633],
              [-130.9567095670956, 69.26316684443253],
              [-130.94590945909454, 69.5322104170287],
              [-131.1259112591125, 69.37479130540328],
              [-131.3167131671316, 69.49357118053882],
              [-131.64791647916473, 69.47353602087742],
              [-131.88191881918812, 69.2846330869269],
              [-132.87192871928713, 69.05709091648654],
              [-132.72432724327237, 68.79090950955629],
              [-133.3867338673386, 68.8452906572087],
              [-133.06633066330656, 68.69359587691511],
              [-133.4515345153451, 68.79090950955629],
              [-133.20313203132025, 69.03848683965808],
              [-132.96912969129684, 69.06281524781838],
              [-132.8287282872828, 69.2230965251097],
              [-132.61992619926193, 69.29035741825874],
              [-132.4975249752497, 69.16012888045952],
              [-132.38592385923852, 69.31039257792017],
              [-132.11592115921152, 69.36191155990664],
              [-131.9827198271982, 69.53650366552756],
              [-131.04671046710462, 69.64383487799944],
              [-130.94230942309417, 69.5665564050197],
              [-130.52830528305276, 69.78408099562935],
              [-129.59949599495988, 69.99158800640834],
              [-129.41949419494188, 70.13326520687119],
              [-129.63189631896313, 70.16761119486219],
              [-129.67509675096744, 70.26921807600223],
              [-129.8874988749887, 70.08603947338358],
              [-130.3375033750337, 70.08603947338358],
              [-130.64710647106463, 70.14185170386895],
              [-131.00711007110064, 70.03595157423004],
              [-131.18711187111865, 69.82558239778515],
              [-131.4067140671406, 69.9615352669162],
              [-131.8387183871838, 69.76977016729978],
              [-132.1015210152101, 69.72826876514398],
              [-132.54792547925473, 69.74257959347358],
              [-132.5299252992529, 69.63238621533577],
              [-132.88632886328855, 69.66100787199494],
              [-133.00873008730082, 69.48641576637402],
              [-133.21393213932132, 69.40198187922948],
              [-133.6315363153631, 69.39911971356358],
              [-133.8835388353883, 69.30037499808944],
              [-134.2615426154261, 69.2402695191052],
              [-133.7899378993789, 69.49070901487292],
              [-134.12114121141204, 69.54365907969236],
              [-134.31914319143183, 69.72397551664511],
              [-134.50994509945093, 69.53793474836053],
              [-134.47754477544768, 69.44348328138528],
              [-134.80514805148044, 69.50215767753659],
              [-135.26595265952653, 69.44205219855232],
              [-135.17595175951752, 69.26173576159957],
              [-135.43515435154345, 69.3332899032475],
              [-135.83835838358377, 69.3089614950872],
              [-135.95355953559528, 69.04850441948878],
              [-135.86715867158665, 68.9068272190259],
              [-135.60435604356036, 68.9111204675248],
              [-135.3667536675366, 68.78232301255852],
              [-135.37755377553768, 68.67356071725371],
              [-136.0687606876068, 68.88536097653153],
              [-136.44316443164425, 68.90968938469183],
              [-136.44316443164425, 67.72618388183528],
              [-136.19116191161905, 67.564471521711],
              [-136.1155611556115, 67.37699967059345],
              [-136.230762307623, 67.18809673664295],
              [-136.16236162361616, 67.00348705119133],
              [-134.0363482708996, 67.00071293048155],
              [-133.76473764737642, 66.79884220607829],
              [-133.83313833138325, 66.72585698159742],
              [-133.59913599135984, 66.55985137297425],
              [-133.8187381873818, 66.3108429600395],
              [-133.5847358473584, 66.29223888321104],
              [-133.5667356673566, 66.15342384841408],
              [-133.7035370353703, 66.07185212693545],
              [-133.42633426334257, 65.94448575480216],
              [-132.9187291872918, 66.02605747628078],
              [-132.99432994329936, 65.92301951230779],
              [-132.56232562325616, 66.0289196419467],
              [-132.34632346323457, 65.94162358913624],
              [-132.56952569525689, 65.84430995649508],
              [-132.3715237152371, 65.77132473201421],
              [-132.180721807218, 65.58385288089667],
              [-132.32112321123205, 65.43931351476787],
              [-132.64512645126445, 65.27473898897766],
              [-132.71712717127164, 65.15595911384213],
              [-132.33552335523348, 65.03145490737475],
              [-132.51192511925112, 64.94272777173133],
              [-132.56952569525689, 64.77529108027521],
              [-132.0547205472054, 64.6965815244625],
              [-131.68031680316795, 64.52055833600863],
              [-131.81711817118165, 64.37745005271279],
              [-131.61911619116185, 64.36886355571504],
              [-131.38511385113844, 64.46760827118916],
              [-131.14391143911433, 64.42467578620042],
              [-131.06111061110605, 64.28013642007163],
              [-130.740707407074, 63.97388469381855],
              [-130.09630096300955, 63.78211959420213],
              [-130.1287012870128, 63.701978955556456],
              [-129.8226982269822, 63.477298950782],
              [-130.1287012870128, 63.31701767349067],
              [-129.84429844298435, 63.09090658588326],
              [-129.6138961389613, 63.07230250905479],
              [-129.76509765097643, 62.85191575277922],
              [-129.49509495094944, 62.607200588343346],
              [-129.17109171091704, 62.478403133377086],
              [-129.3078930789307, 62.32098402175167],
              [-129.1314913149131, 62.11633917663863],
              [-128.76428764287635, 62.06052694615326],
              [-128.54828548285477, 62.122063507970466],
              [-127.97227972279717, 61.68844540958409],
              [-127.53307533075323, 61.509560055464306],
              [-127.14427144271436, 61.46519648764259],
              [-126.88506885068844, 60.78256997632147],
              [-126.510665106651, 60.814053798646555],
              [-126.01386013860132, 60.80403621881584],
              [-125.90225902259016, 60.894194437292214],
              [-125.3226532265322, 60.7882943076533],
              [-124.86904869048684, 60.86271061496714],
              [-124.80424804248037, 60.96861074460605],
              [-124.59904599045984, 60.96431749610717],
              [-124.48024480244796, 60.7882943076533],
              [-124.620646206462, 60.68239417801439],
              [-124.41544415444147, 60.479180415734305],
              [-124.21744217442168, 60.462007421738804],
              [-124.19584195841952, 60.33034780110664],
              [-123.81783817838172, 59.99976766669326],
              [-119.99819998199976, 59.99976766669326],
              [-110.00090000900003, 59.99976766669326]
            ],
            [
              [-118.83538835388347, 65.77561798051308],
              [-119.19539195391948, 65.80996396850408],
              [-119.70299702997023, 65.7956531401745],
              [-119.58779587795871, 65.71408141869587],
              [-120.10620106201056, 65.6239232002195],
              [-119.82899828998283, 65.49083249675438],
              [-119.63099630996302, 65.47365950275888],
              [-119.47619476194755, 65.3219647224653],
              [-119.89379893798932, 65.33770663362783],
              [-120.05580055800552, 65.19316726749904],
              [-120.26100261002603, 65.15882127950805],
              [-120.66780667806671, 64.98709133955305],
              [-121.05301053010524, 64.92555477773584],
              [-121.25101251012504, 64.81106815109916],
              [-121.5066150661506, 64.88405337558004],
              [-121.3986139861398, 64.99281567088488],
              [-121.08181081810812, 64.98709133955305],
              [-120.98100981009804, 65.12161312585113],
              [-120.70380703807032, 65.19316726749904],
              [-120.41220412204115, 65.37777695295067],
              [-120.38700387003863, 65.58385288089667],
              [-120.82980829808292, 65.60245695772512],
              [-121.53181531815312, 65.38922561561434],
              [-121.58941589415888, 65.09012930352604],
              [-122.07542075420747, 64.97993592538825],
              [-123.33903339033384, 65.11302662885338],
              [-123.42903429034283, 65.20175376449679],
              [-122.99702997029964, 65.22608217265709],
              [-122.73062730627299, 65.34343096495967],
              [-122.75942759427588, 65.5652488040682],
              [-122.3346233462334, 65.65111377404571],
              [-122.20142201422007, 65.85146537065988],
              [-122.59022590225896, 65.9673830801295],
              [-122.39582395823952, 66.01317773078416],
              [-121.83781837818371, 65.92874384363962],
              [-121.39501395013943, 65.95307225179991],
              [-121.2366123661236, 66.06469671277067],
              [-121.54981549815491, 66.09331836942984],
              [-121.90621906219056, 66.24930639822229],
              [-123.04383043830433, 66.25359964672117],
              [-122.93942939429388, 66.17918333940733],
              [-123.10143101431007, 66.04323047027628],
              [-123.27423274232736, 66.17202792524255],
              [-124.0446404464044, 66.11192244625829],
              [-124.18504185041843, 66.17918333940733],
              [-124.59544595445948, 66.15199276558113],
              [-124.55584555845552, 66.01460881361713],
              [-124.80424804248037, 66.0088844822853],
              [-124.79704797047964, 65.91157084964412],
              [-125.1246512465124, 66.15914817974591],
              [-125.07425074250736, 66.26647939221779],
              [-124.69984699846992, 66.29510104887696],
              [-124.45504455044544, 66.259323978053],
              [-124.31824318243176, 66.36522410769192],
              [-124.04824048240476, 66.31227404287246],
              [-123.79983799837991, 66.3895525158522],
              [-122.96102961029604, 66.48400398282746],
              [-122.8926289262892, 66.55555812447537],
              [-122.61902619026183, 66.54267837897875],
              [-122.34902349023483, 66.61566360345962],
              [-121.99621996219955, 66.62281901762441],
              [-121.46341463414628, 66.72442589876445],
              [-121.16101161011603, 66.87182743055916],
              [-120.97740977409768, 66.85751660222958],
              [-120.5346053460534, 66.95339915203779],
              [-119.78219782197814, 67.04498845334712],
              [-119.7785977859778, 66.97772756019808],
              [-119.4797947979479, 66.98631405719583],
              [-118.97938979389787, 66.86610309922733],
              [-119.30339303393028, 66.83175711123633],
              [-120.32220322203216, 66.54840271031058],
              [-120.49500495004943, 66.4238985038432],
              [-120.13860138601379, 66.40815659268067],
              [-119.94779947799472, 66.33660245103275],
              [-118.83178831788311, 66.30941187720654],
              [-118.320583205832, 66.39098359868517],
              [-118.05058050580499, 66.59705952663117],
              [-117.62217622176215, 66.68006233094275],
              [-117.9065790657906, 66.41244984117954],
              [-117.54657546575459, 66.49545264549113],
              [-117.81297812978124, 66.21352932739833],
              [-118.0325803258032, 66.0976116179287],
              [-118.26658266582659, 65.85575861915875],
              [-117.80577805778051, 65.76846256634829],
              [-118.04338043380427, 65.68975301053558],
              [-118.58698586985864, 65.6582691882105],
              [-118.83538835388347, 65.77561798051308]
            ],
            [
              [-111.66771667716671, 62.38824491490071],
              [-111.26091260912602, 62.62437358233883],
              [-110.42930429304286, 62.68877230982197],
              [-109.68409684096835, 62.670168232993504],
              [-109.88569885698851, 62.58573434584896],
              [-110.32130321303207, 62.54137077802726],
              [-110.3177031770317, 62.4540747252168],
              [-110.6597065970659, 62.35533000974267],
              [-111.03411034110334, 62.39253816339959],
              [-111.49851498514978, 62.122063507970466],
              [-111.62811628116275, 61.950333568015466],
              [-111.81891818918183, 61.89738350319601],
              [-112.21852218522179, 61.61116693660435],
              [-112.7045270452704, 61.44373024514822],
              [-113.33813338133375, 61.455178907811884],
              [-113.70893708937083, 61.263413808195466],
              [-113.63333633336327, 61.09454603390638],
              [-113.76293762937622, 61.00581889826297],
              [-114.1985419854198, 61.01726756092664],
              [-114.7025470254702, 60.89991876862405],
              [-114.79614796147955, 60.92997150811618],
              [-115.26415264152635, 60.84839978663756],
              [-115.9445594455944, 60.844106538138675],
              [-116.41256412564118, 60.948575584944635],
              [-116.53856538565378, 61.03300947208918],
              [-117.0785707857078, 61.045889217585795],
              [-117.30537305373048, 61.10885686223597],
              [-117.60417604176035, 61.30777737601717],
              [-117.07497074970743, 61.150358264391755],
              [-116.70056700567, 61.224774571705595],
              [-116.7545675456754, 61.33353686701042],
              [-116.02376023760232, 61.23908540003518],
              [-115.85815858158576, 61.31779495584789],
              [-116.03456034560338, 61.39364234599468],
              [-115.73215732157315, 61.4308504996516],
              [-115.76815768157675, 61.51957763529501],
              [-115.54495544955444, 61.75141305423426],
              [-114.83214832148315, 61.7671549653968],
              [-114.61974619746191, 61.86160643237206],
              [-114.94734947349467, 62.05194044915551],
              [-115.16695166951664, 62.25229204576968],
              [-115.32895328953283, 62.246567714437845],
              [-115.26055260552599, 62.47983421621005],
              [-115.68895688956883, 62.47554096771117],
              [-115.80415804158035, 62.6086316711763],
              [-116.0525605256052, 62.71166963514929],
              [-115.9877598775987, 62.78608594246313],
              [-115.37935379353787, 62.63152899650363],
              [-115.080550805508, 62.4884207132078],
              [-114.62334623346227, 62.35533000974267],
              [-114.2417424174241, 62.40398682606326],
              [-113.74133741337407, 62.09057968564538],
              [-113.21933219332188, 61.998990384336054],
              [-112.43812438124375, 62.07913102298171],
              [-111.72891728917283, 62.382520583568876],
              [-111.45891458914583, 62.69306555832084],
              [-111.19251192511919, 62.8075521849575],
              [-110.45090450904503, 62.95352263391925],
              [-109.92529925299247, 62.95066046825333],
              [-108.93528935289346, 62.79324135662792],
              [-108.97848978489779, 62.70594530381746],
              [-109.33489334893342, 62.582872180183045],
              [-109.21249212492118, 62.69878988965267],
              [-109.94329943299427, 62.821863013287086],
              [-110.63450634506339, 62.837604924449636],
              [-110.81810818108175, 62.76032645146988],
              [-111.41931419314187, 62.628666830837716],
              [-111.66771667716671, 62.38824491490071]
            ]
          ],
          [
            [
              [-110.00450004500038, 72.75500895685084],
              [-110.00450004500038, 72.98541329295716],
              [-110.70290702907023, 73.00974170111743],
              [-110.48330483304827, 72.83944284399539],
              [-110.00450004500038, 72.75500895685084]
            ]
          ],
          [
            [
              [-116.85536855368548, 69.64812812649834],
              [-116.63576635766351, 69.62952404966987],
              [-117.14337143371426, 69.88855004243533],
              [-117.12537125371247, 70.00160558623904],
              [-112.89892898928983, 70.00017450340607],
              [-112.87372873728731, 69.83273781194995],
              [-112.46332463324627, 69.84991080594546],
              [-112.49932499324987, 70.00017450340607],
              [-110.00090000900003, 70.00017450340607],
              [-110.00450004500038, 72.45877481042848],
              [-110.37890378903782, 72.55895060873556],
              [-110.72810728107275, 72.57183035423219],
              [-111.08451084510838, 72.40868691127494],
              [-111.02691026910263, 72.28561378764053],
              [-111.36891368913683, 72.40868691127494],
              [-111.66411664116634, 72.29276920180533],
              [-111.85491854918543, 72.38149633744874],
              [-111.28971289712891, 72.56610602290036],
              [-111.22131221312206, 72.72352513452577],
              [-112.07812078120774, 72.89811724014669],
              [-113.01413014130135, 73.01546603244927],
              [-113.39213392133915, 72.91099698564332],
              [-113.60453604536039, 72.76216437101564],
              [-113.41373413734131, 72.73068054869057],
              [-113.73413734137335, 72.61476283922093],
              [-114.12654126541258, 72.63622908171533],
              [-114.33894338943384, 72.56324385723445],
              [-114.60534605346047, 72.60760742505616],
              [-114.24894248942483, 72.68917914653477],
              [-114.35694356943563, 72.74642245985311],
              [-114.02214022140215, 72.79794144183961],
              [-113.96093960939604, 73.12279724492114],
              [-114.26334263342628, 73.33602858703193],
              [-114.58374583745831, 73.38468540335253],
              [-116.20016200161996, 73.11850399642228],
              [-116.89496894968943, 72.9668092161287],
              [-117.37017370173695, 72.9181523998081],
              [-117.86697866978663, 72.7020588920314],
              [-118.19098190981903, 72.63479799888236],
              [-118.59418594185935, 72.42872207093635],
              [-118.12618126181255, 72.30994219580083],
              [-118.12618126181255, 72.22693939148922],
              [-118.67698676986763, 72.14250550434468],
              [-119.05499054990543, 71.93499849356573],
              [-119.13779137791371, 71.77471721627441],
              [-119.05139051390508, 71.6273156844797],
              [-118.48978489784892, 71.65879950680477],
              [-118.42858428584279, 71.58008995099206],
              [-118.07578075780751, 71.6645238381366],
              [-117.6545765457654, 71.57150345399432],
              [-118.12618126181255, 71.53858854883629],
              [-118.30978309783092, 71.46989657285428],
              [-118.16218162181616, 71.37830727154494],
              [-117.55017550175495, 71.37401402304607],
              [-115.82215822158216, 71.54860612866699],
              [-115.45495454954543, 71.53858854883629],
              [-115.41895418954184, 71.45129249602581],
              [-115.74295742957423, 71.51139797501006],
              [-116.20736207362067, 71.42553300503258],
              [-116.10296102961024, 71.37687618871198],
              [-117.47457474574739, 71.18511108909556],
              [-117.79857798577979, 71.17080026076599],
              [-118.38538385383848, 71.02196764613831],
              [-118.18738187381868, 70.83878904351965],
              [-117.7085770857708, 70.69568076022381],
              [-117.58617586175856, 70.6069536245804],
              [-116.23256232562319, 70.63986852973844],
              [-116.03816038160375, 70.5797630507542],
              [-114.18414184141835, 70.6684901863976],
              [-113.9897398973989, 70.71571591988524],
              [-113.56133561335606, 70.64273069540437],
              [-113.48933489334887, 70.68136993189424],
              [-112.8665286652866, 70.54255489709729],
              [-112.72612726127255, 70.5697454709235],
              [-112.14292142921423, 70.49389808077669],
              [-111.80811808118075, 70.35222088031381],
              [-111.56691566915663, 70.35937629447861],
              [-111.54891548915482, 70.26921807600223],
              [-112.52812528125276, 70.24488966784196],
              [-112.58572585725851, 70.20052610002023],
              [-113.47853478534779, 70.28352890433183],
              [-113.64413644136435, 70.26206266183743],
              [-114.18414184141835, 70.31644380948987],
              [-116.03096030960303, 70.22056125968166],
              [-116.96336963369627, 70.12897195837232],
              [-117.44217442174416, 69.9887258407424],
              [-117.25137251372507, 69.76404583596795],
              [-116.85536855368548, 69.64812812649834]
            ]
          ],
          [
            [
              [-115.32535325353247, 73.50918960981988],
              [-115.64575645756452, 73.67662630127603],
              [-115.92295922959224, 73.72957636609547],
              [-116.86616866168654, 74.08734707433507],
              [-117.41697416974164, 74.23188644046385],
              [-118.06498064980644, 74.28054325678443],
              [-118.72378723787232, 74.22043777780019],
              [-118.98298982989823, 74.0072064356894],
              [-119.14499144991444, 74.20898911513652],
              [-119.4797947979479, 74.22616210913202],
              [-119.72099720997204, 74.1102443996624],
              [-119.66339663396627, 74.22473102629905],
              [-120.1566015660156, 74.27911217395149],
              [-120.93420934209335, 74.42365154008027],
              [-121.13221132211316, 74.50951651005778],
              [-121.58221582215816, 74.55531116071245],
              [-124.75744757447568, 74.34923523276643],
              [-124.6026460264602, 74.31345816194249],
              [-124.46584465844651, 74.07446732883844],
              [-124.14544145441448, 73.85121840689695],
              [-123.7746377463774, 73.76535343691944],
              [-124.05544055440548, 73.66231547294643],
              [-124.06624066240656, 73.53924234931202],
              [-124.44424444244436, 73.41903139134351],
              [-124.66744667446667, 73.15428106724625],
              [-124.85824858248576, 73.08988233976311],
              [-124.49104491044903, 72.92530781397289],
              [-124.95184951849512, 72.85661583799089],
              [-125.06705067050663, 72.88380641181712],
              [-124.95184951849512, 72.56896818856629],
              [-125.29745297452968, 72.48882754992061],
              [-125.65025650256496, 72.25699213098136],
              [-125.790657906579, 71.94930932189533],
              [-125.25425254252536, 71.95503365322716],
              [-124.06624066240656, 71.70030090896057],
              [-123.62343623436227, 71.46274115868948],
              [-123.43623436234355, 71.24807873374573],
              [-123.10143101431007, 71.08493529078848],
              [-122.79902799027984, 71.08779745645441],
              [-122.62982629826291, 71.17509350926485],
              [-122.1546215462154, 71.26095847924236],
              [-121.70101701017003, 71.46846549002132],
              [-121.42381423814231, 71.3797383543779],
              [-120.63540635406348, 71.49136281534865],
              [-120.38340383403828, 71.70173199179354],
              [-120.43380433804332, 71.9636201502249],
              [-120.15300153001523, 72.13964333867878],
              [-120.26100261002603, 72.24125021981882],
              [-119.77139771397708, 72.22980155715516],
              [-119.33939339393388, 72.34715034945773],
              [-119.16299162991623, 72.6305047503835],
              [-117.39177391773912, 73.0555363517721],
              [-117.21537215372148, 73.0655539316028],
              [-115.75375753757531, 73.3574948295263],
              [-115.32535325353247, 73.50918960981988]
            ]
          ],
          [
            [
              [-120.99900999009984, 75.93058176318539],
              [-121.06021060210595, 75.73881666356897],
              [-120.9126091260912, 75.8103708052169],
              [-120.99900999009984, 75.93058176318539]
            ]
          ],
          [
            [
              [-117.78417784177836, 75.89623577519438],
              [-117.46377463774631, 76.0880008748108],
              [-117.65817658176576, 76.12520902846774],
              [-118.20898208982084, 75.96922099967526],
              [-118.62298622986224, 75.92199526618765],
              [-119.40779407794071, 75.60143271160499],
              [-118.61218612186116, 75.50411907896381],
              [-117.93177931779312, 75.74024774640193],
              [-117.78417784177836, 75.89623577519438]
            ]
          ],
          [
            [
              [-110.00450004500038, 76.22681590960778],
              [-110.00450004500038, 76.48584190237321],
              [-110.38250382503819, 76.4314607547208],
              [-110.38250382503819, 76.30123221692159],
              [-110.00450004500038, 76.22681590960778]
            ]
          ],
          [
            [
              [-110.00450004500038, 74.85297638996778],
              [-110.00450004500038, 75.54418939828665],
              [-110.51210512105115, 75.57281105494582],
              [-111.25011250112495, 75.52129207295931],
              [-111.41211412114114, 75.61574353993456],
              [-111.45891458914583, 75.84185462754198],
              [-112.18612186121855, 75.84757895887381],
              [-111.76851768517679, 75.94775475718089],
              [-112.36612366123654, 76.0336197271584],
              [-112.43092430924303, 76.17100367912238],
              [-112.9925299252992, 76.27261056026242],
              [-113.35613356133555, 76.26545514609765],
              [-113.96453964539639, 76.19103883878381],
              [-114.20574205742051, 76.47153107404364],
              [-114.450544505445, 76.50158381353577],
              [-115.51255512555119, 76.4557891628811],
              [-115.91215912159115, 76.34845795040923],
              [-115.77895778957783, 76.23683348943848],
              [-115.2785527855278, 76.23683348943848],
              [-114.97614976149755, 76.17672801045421],
              [-116.16416164161635, 76.20391858428044],
              [-116.52776527765272, 76.15955501645871],
              [-116.70416704167036, 76.0579481353187],
              [-116.48456484564839, 75.97208316534119],
              [-116.70776707767071, 75.89909794086032],
              [-116.20376203762032, 75.86761411853522],
              [-114.85734857348567, 75.91054660352398],
              [-114.87534875348747, 75.86761411853522],
              [-116.88416884168835, 75.78890456272251],
              [-117.22977229772292, 75.63291653393006],
              [-117.19737197371967, 75.57567322061172],
              [-116.11736117361167, 75.57710430344468],
              [-115.05175051750511, 75.7101950069098],
              [-115.26415264152635, 75.60143271160499],
              [-115.58815588155875, 75.58855296610835],
              [-116.04176041760411, 75.48551500213534],
              [-117.20097200972003, 75.48122175363648],
              [-117.55377553775531, 75.35814863000206],
              [-117.67257672576719, 75.24509308619835],
              [-117.510575105751, 75.20072951837665],
              [-116.66816668166675, 75.12774429389577],
              [-116.25776257762571, 75.21074709820735],
              [-116.25416254162536, 75.0676388149115],
              [-115.71415714157135, 74.97032518227036],
              [-115.23175231752312, 75.17353894455044],
              [-115.1957519575195, 75.00180900459543],
              [-114.95814958149575, 74.97032518227036],
              [-114.43974439744392, 75.0676388149115],
              [-114.30294302943022, 75.18212544154818],
              [-114.54774547745471, 75.31235397934739],
              [-114.19494194941943, 75.22505792653695],
              [-114.04734047340467, 75.3667351269998],
              [-113.37413374133735, 75.41682302615334],
              [-113.7845378453784, 75.3395445531736],
              [-113.95733957339567, 75.0747942290763],
              [-113.02133021330206, 75.09482938873774],
              [-112.29412294122935, 75.20502276687552],
              [-112.34452344523439, 75.12201996256394],
              [-111.37251372513718, 75.18784977288001],
              [-111.24291242912423, 75.26655932869272],
              [-110.95130951309507, 75.25224850036315],
              [-111.15291152911523, 75.13776187372648],
              [-111.55611556115555, 75.0132576672591],
              [-112.79812798127975, 74.98463601059993],
              [-113.4965349653496, 74.83866556163818],
              [-114.23454234542339, 74.7585249229925],
              [-114.43974439744392, 74.6841086156787],
              [-114.17334173341727, 74.56675982337612],
              [-113.69453694536939, 74.44511778257464],
              [-113.02493024930243, 74.39646096625407],
              [-112.43812438124375, 74.41363396024957],
              [-111.65691656916563, 74.50093001306001],
              [-111.00171001710011, 74.61684772252966],
              [-110.58770587705871, 74.72561001783447],
              [-110.67050670506698, 74.7728357513221],
              [-110.00450004500038, 74.85297638996778]
            ]
          ],
          [
            [
              [-114.83574835748351, 76.75917872346827],
              [-113.67293672936724, 76.70479757581586],
              [-113.45333453334527, 76.77348955179784],
              [-113.84573845738451, 76.89942484109818],
              [-114.43614436144355, 76.88225184710268],
              [-114.83934839348387, 76.8092666226218],
              [-114.83574835748351, 76.75917872346827]
            ]
          ],
          [
            [
              [-119.31779317793172, 76.19962533578155],
              [-119.0945909459094, 76.0880008748108],
              [-118.860588605886, 76.28549030575905],
              [-118.56898568985683, 76.3455957847433],
              [-118.64818648186476, 76.43289183755377],
              [-118.97578975789752, 76.49299731653801],
              [-118.73098730987303, 76.54451629852451],
              [-118.5365853658536, 76.50444597920168],
              [-118.30258302583019, 76.56741362385185],
              [-118.49698496984963, 76.71910840414543],
              [-118.3385833858338, 76.77062738613193],
              [-117.73737737377368, 76.78064496596264],
              [-117.91737917379167, 76.69334891315219],
              [-118.00738007380068, 76.40283909806163],
              [-117.82017820178194, 76.32556062508189],
              [-117.35217352173515, 76.25973081476582],
              [-116.93456934569339, 76.35561336457403],
              [-117.07497074970743, 76.52591222169605],
              [-116.32616326163256, 76.58172445218142],
              [-115.89415894158935, 76.69907324448403],
              [-116.04176041760411, 76.82787069945027],
              [-116.35856358563579, 76.90801133809592],
              [-116.02376023760232, 76.89942484109818],
              [-115.75375753757531, 76.96525465141426],
              [-116.22176221762211, 77.04110204156106],
              [-116.38016380163795, 77.1283980943715],
              [-115.3837503003343, 77.31808369131052],
              [-116.40536405364047, 77.56201619275788],
              [-117.15417154171536, 77.4589782287849],
              [-116.64656646566459, 77.3902862528029],
              [-117.22977229772292, 77.28581720599692],
              [-117.85257852578519, 77.3902862528029],
              [-118.82098820988203, 77.36166459614373],
              [-119.28899288992883, 77.28867937166285],
              [-119.38619386193855, 77.19279682185464],
              [-120.09180091800911, 77.00532497073709],
              [-120.36900369003683, 76.81499095395364],
              [-121.08901089010884, 76.67045158782486],
              [-121.41301413014124, 76.55453387835522],
              [-121.55341553415528, 76.43718508605264],
              [-122.38142381423808, 76.40856342939347],
              [-122.83142831428307, 76.23683348943848],
              [-122.97902979029783, 76.10803603447224],
              [-122.66942669426687, 76.17815909328718],
              [-122.48222482224816, 76.1023117031404],
              [-122.640626406264, 75.98782507650373],
              [-122.42462424624239, 75.93344392885132],
              [-122.12582125821251, 76.0407751413232],
              [-121.84861848618479, 76.04506838982206],
              [-121.30141301413008, 75.91054660352398],
              [-120.88020880208796, 76.19819425294861],
              [-120.660606606066, 76.14381310529618],
              [-120.68220682206815, 76.00642915333219],
              [-120.38700387003863, 75.97208316534119],
              [-120.4878048780487, 75.84757895887381],
              [-120.16020160201595, 75.89766685802735],
              [-119.86139861398607, 75.85902762153748],
              [-119.490594905949, 76.0364818928243],
              [-119.71019710197095, 76.26688622893059],
              [-119.4797947979479, 76.35561336457403],
              [-119.31779317793172, 76.19962533578155]
            ]
          ],
          [
            [
              [-113.68733687336866, 77.86683683617801],
              [-114.32814328143274, 78.08149926112176],
              [-114.79614796147955, 77.98275454564762],
              [-115.1165511655116, 77.95985722032032],
              [-114.29934299342987, 77.71371097305146],
              [-113.72333723337228, 77.76952320353683],
              [-113.68733687336866, 77.86683683617801]
            ]
          ],
          [
            [
              [-110.00450004500038, 77.93123556366115],
              [-110.00450004500038, 78.09867225511726],
              [-110.71010710107095, 78.1043965864491],
              [-112.27252272522719, 78.01566945080569],
              [-113.24093240932403, 77.90547607266788],
              [-113.25533255332547, 77.67220957089569],
              [-113.08973089730891, 77.62355275457509],
              [-113.20133201332007, 77.52767020476688],
              [-112.63612636126355, 77.46470256011673],
              [-112.47052470524699, 77.37025109314146],
              [-112.11052110521099, 77.32588752531976],
              [-111.2825128251282, 77.43178765495867],
              [-110.87930879308787, 77.41175249529726],
              [-110.23490234902343, 77.50477287943954],
              [-110.04050040500398, 77.64501899706946],
              [-110.13050130501298, 77.7809718662005],
              [-110.72090720907202, 77.76666103787093],
              [-110.83970839708391, 77.86969900184394],
              [-110.00450004500038, 77.93123556366115]
            ]
          ],
          [
            [
              [-110.00450004500038, 78.32907659122355],
              [-110.00450004500038, 78.68684729946312],
              [-110.42570425704251, 78.7669879381088],
              [-111.16371163711631, 78.69829596212679],
              [-111.41931419314187, 78.60670666081748],
              [-111.81531815318147, 78.54946334749914],
              [-112.15012150121495, 78.55661876166391],
              [-113.21573215732151, 78.4063550642033],
              [-113.33453334533338, 78.33623200538835],
              [-113.06093060930603, 78.27469544357115],
              [-112.17532175321747, 78.37773340754413],
              [-111.77931779317787, 78.27040219507225],
              [-111.43371433714331, 78.27469544357115],
              [-111.15291152911523, 78.39061315304076],
              [-110.83970839708391, 78.31476576289396],
              [-110.33210332103314, 78.28614410623481],
              [-110.00450004500038, 78.32907659122355]
            ]
          ],
          [
            [
              [-112.31212312123115, 61.86876184653684],
              [-111.93771937719372, 61.98467955600647],
              [-112.45972459724591, 61.895952420363045],
              [-112.90612906129056, 61.75427521990018],
              [-112.49572495724951, 61.79720770488892],
              [-112.31212312123115, 61.86876184653684]
            ]
          ],
          [
            [
              [-112.77292772927723, 61.95319573368138],
              [-112.47052470524699, 61.9560578993473],
              [-112.05292052920522, 62.13208108780117],
              [-112.77292772927723, 61.95319573368138]
            ]
          ],
          [
            [
              [-111.83691836918364, 62.18932440111951],
              [-111.5777157771577, 62.25229204576968],
              [-111.6137161371613, 62.343881347079005],
              [-111.83691836918364, 62.18932440111951]
            ]
          ],
          [
            [
              [-118.54738547385467, 65.71265033586292],
              [-118.14418144181435, 65.76703148351534],
              [-118.31698316983163, 65.82570587966663],
              [-118.54738547385467, 65.71265033586292]
            ]
          ],
          [
            [
              [-112.23292232922323, 61.80579420188667],
              [-112.66132661326607, 61.57109661728151],
              [-112.31932319323187, 61.6469440074283],
              [-112.23292232922323, 61.80579420188667]
            ]
          ],
          [
            [
              [-116.50976509765091, 61.10885686223597],
              [-116.69696696966963, 61.19185966654756],
              [-116.90576905769052, 61.1217366077326],
              [-116.50976509765091, 61.10885686223597]
            ]
          ],
          [
            [
              [-94.8015480154801, 59.99976766669326],
              [-94.61434614346138, 60.39188436292385],
              [-94.73674736747361, 60.53928589471856],
              [-94.52074520745202, 60.546441308883345],
              [-94.3515435154351, 60.85841736646826],
              [-94.2435424354243, 60.902780934289964],
              [-93.99873998739982, 61.224774571705595],
              [-94.11394113941134, 61.32781253567859],
              [-93.83313833138325, 61.32781253567859],
              [-93.98433984339837, 61.4580410734778],
              [-93.24633246332458, 61.7843279593923],
              [-93.59913599135986, 61.95319573368138],
              [-93.33633336333358, 61.895952420363045],
              [-92.9295292952929, 62.11633917663863],
              [-93.0735307353073, 62.17787573845584],
              [-92.78192781927814, 62.239412300273045],
              [-93.13113131131306, 62.343881347079005],
              [-92.70992709927094, 62.276620453929965],
              [-92.59832598325977, 62.16070274446034],
              [-92.71712717127166, 62.4640923050475],
              [-92.5335253352533, 62.44548822821905],
              [-92.6055260552605, 62.62151141667292],
              [-92.45792457924574, 62.54709510935909],
              [-91.98271982719821, 62.531353198196555],
              [-91.96831968319678, 62.65442632183097],
              [-92.20232202322018, 62.66730606732759],
              [-92.45432454324538, 62.79324135662792],
              [-92.13392133921333, 62.87624416093951],
              [-91.44271442714421, 62.78751702529608],
              [-91.03231032310318, 62.9520915510863],
              [-90.82710827108265, 62.93778072275671],
              [-90.6435064350643, 63.06944034338888],
              [-90.78390783907834, 63.39715831213634],
              [-91.01791017910173, 63.471574619450166],
              [-91.37071370713701, 63.4844543649468],
              [-91.80631806318057, 63.71628978388604],
              [-92.46872468724682, 63.528817932768504],
              [-92.54432544325438, 63.55457742376176],
              [-92.1015210152101, 63.69911678989054],
              [-93.2175321753217, 63.910917049168376],
              [-93.36873368733681, 63.81789666502608],
              [-93.64593645936453, 63.880864309676255],
              [-93.76473764737642, 63.993919853479966],
              [-93.48033480334797, 64.03399017280279],
              [-92.7855278552785, 63.90089946933767],
              [-92.37512375123745, 63.77925742853621],
              [-91.67311673116726, 63.722014115217874],
              [-90.97470974709742, 63.57890583192204],
              [-90.55710557105566, 63.59894099158346],
              [-90.5715057150571, 63.670495133231384],
              [-90.25830258302578, 63.60752748858121],
              [-89.97029970299697, 63.822189913524966],
              [-90.09270092700922, 63.952418451324164],
              [-89.81189811898113, 63.95957386548896],
              [-89.93069930699302, 64.11699297711438],
              [-89.78669786697861, 64.25008368057951],
              [-89.5634956349563, 64.07549157495859],
              [-89.04869048690482, 63.94669411999233],
              [-89.28989289892894, 64.1370281367758],
              [-88.99828998289978, 64.01109284747547],
              [-88.7354873548735, 63.97245361098558],
              [-87.98307983079825, 64.19140928442822],
              [-87.8066780667806, 64.52055833600863],
              [-87.6014760147601, 64.55776648966554],
              [-86.93906939069385, 65.14164828551255],
              [-87.04707047070465, 65.23753083532075],
              [-87.70947709477089, 65.30049847997091],
              [-87.75267752677522, 65.26758357481287],
              [-89.04149041490409, 65.32768905379713],
              [-89.39429394293937, 65.50085007658508],
              [-89.4914949149491, 65.61533670322174],
              [-89.95949959499589, 65.79422205734154],
              [-90.52830528305277, 65.881518110152],
              [-91.07191071910714, 65.92874384363962],
              [-91.00351003510029, 65.81568829983591],
              [-91.49671496714961, 65.94734792046808],
              [-90.04590045900453, 65.8915356899827],
              [-89.6894968949689, 65.94734792046808],
              [-88.83268832688321, 65.64538944271388],
              [-88.55188551885513, 65.5824217980637],
              [-88.20628206282058, 65.40496752677687],
              [-87.92907929079286, 65.33341338512896],
              [-87.38187381873813, 65.32912013663008],
              [-87.07947079470789, 65.40210536111096],
              [-87.10467104671041, 65.47079733709296],
              [-86.4746647466474, 65.73411657835729],
              [-86.41346413464129, 65.90441543547934],
              [-85.97425974259737, 66.0360750561115],
              [-85.8554585545855, 66.1634414282448],
              [-86.34506345063446, 66.28937671754512],
              [-86.62226622266218, 66.31370512570541],
              [-86.79146791467909, 66.42962283517504],
              [-86.32706327063265, 66.55269595880945],
              [-85.78345783457829, 66.49974589399],
              [-85.41625416254158, 66.56700678713904],
              [-85.2686526865268, 66.28651455187921],
              [-84.38304383043825, 66.190632002071],
              [-84.63504635046345, 66.34375786519755],
              [-84.53784537845372, 66.40529442701475],
              [-84.37224372243718, 66.28365238621329],
              [-84.20304203042025, 66.32372270553613],
              [-83.9726397263972, 66.20351174756762],
              [-83.69183691836913, 66.19921849906875],
              [-83.96183961839613, 66.47827965149563],
              [-84.21024210242096, 66.59419736096525],
              [-84.1454414544145, 66.68721774510753],
              [-84.87264872648721, 66.94624373787299],
              [-85.12825128251276, 66.83748144256816],
              [-85.21105211052105, 66.91905316404679],
              [-85.00585005850053, 66.96770998036737],
              [-84.37224372243718, 66.97343431169921],
              [-84.41184411844112, 66.88613825888875],
              [-84.13824138241377, 66.71154615326783],
              [-83.94383943839433, 66.82746386273746],
              [-84.01224012240117, 66.63140551462216],
              [-83.67743677436769, 66.52550538498325],
              [-83.56223562235617, 66.34948219652938],
              [-83.36783367833672, 66.35091327936233],
              [-83.01143011430109, 66.54983379314353],
              [-82.63342633426329, 66.56271353864017],
              [-82.37422374223736, 66.72728806443037],
              [-82.1834218342183, 66.76878946658616],
              [-81.95661956619561, 66.97629647736512],
              [-81.52821528215277, 66.99633163702654],
              [-81.23661236612361, 67.46000247490504],
              [-81.45621456214556, 67.62887024919412],
              [-82.08982089820893, 67.89934490462325],
              [-82.16902169021685, 67.99522745443146],
              [-82.01782017820173, 68.13118032356249],
              [-82.34542345423449, 68.17554389138421],
              [-82.37062370623701, 68.35586032833695],
              [-82.63342633426329, 68.41167255882233],
              [-82.47142471424709, 68.4846577833032],
              [-82.01782017820173, 68.43456988414965],
              [-81.81621816218157, 68.53045243395786],
              [-81.62901629016285, 68.51327943996236],
              [-81.2654126541265, 68.6392147292627],
              [-81.23301233012324, 68.77373651556078],
              [-81.81621816218157, 68.9139826331907],
              [-81.48141481414808, 69.06424633065132],
              [-81.2726127261272, 69.09143690447752],
              [-81.3446134461344, 69.19447486845053],
              [-82.14382143821433, 69.29751283242354],
              [-82.28062280622801, 69.41915487322498],
              [-83.1914319143191, 69.53650366552756],
              [-82.5146251462514, 69.49357118053882],
              [-82.61542615426148, 69.64669704366537],
              [-83.25263252632521, 69.70823360548258],
              [-83.75303753037525, 69.71109577114848],
              [-84.33984339843393, 69.85992838577616],
              [-84.86184861848614, 69.86135946860912],
              [-85.05625056250557, 69.77692558146458],
              [-85.31905319053185, 69.84704864027952],
              [-85.5134551345513, 69.76977016729978],
              [-85.54585545855453, 69.65385245783017],
              [-85.38385383853833, 69.5636942393538],
              [-85.53505535055345, 69.46351844104669],
              [-85.34785347853473, 69.20019919978236],
              [-84.52704527045265, 69.02417601132848],
              [-84.95184951849514, 69.01845167999664],
              [-84.80424804248037, 68.9340177928521],
              [-85.14625146251457, 68.83527307737799],
              [-84.80784807848073, 68.81380683488362],
              [-84.78984789847893, 68.73509727907091],
              [-85.36225362253617, 68.76228785289712],
              [-85.66825668256678, 68.72651078207315],
              [-85.70785707857073, 68.41310364165528],
              [-85.84465844658442, 68.32437650601187],
              [-85.90225902259017, 68.05390185058275],
              [-86.0966609666096, 67.98377879176779],
              [-86.52866528665281, 67.68754464534541],
              [-86.45306453064525, 67.60597292386679],
              [-86.50346503465029, 67.37986183625937],
              [-86.78066780667801, 67.41850107274925],
              [-86.96066960669602, 67.255357629792],
              [-87.37107371073705, 67.24104680146242],
              [-87.48267482674821, 67.36268884226386],
              [-88.24948249482489, 67.77627178098882],
              [-88.37908379083785, 68.02957344242245],
              [-88.28188281882814, 68.12545599223066],
              [-88.40788407884074, 68.27715077252424],
              [-88.18108181081806, 68.35872249400286],
              [-88.17028170281698, 68.23994261886733],
              [-87.9434794347943, 68.20130338237745],
              [-87.79227792277918, 68.33153192017666],
              [-88.02268022680221, 68.80808250355179],
              [-88.24948249482489, 68.9311556271862],
              [-88.72828728287277, 69.08428149031275],
              [-88.94068940689401, 69.2331141049404],
              [-89.33309333093325, 69.24885601610296],
              [-89.67149671496709, 69.04421117098991],
              [-89.74709747097465, 68.91684479885663],
              [-89.71469714697142, 68.6463701434275],
              [-89.94509945099445, 68.61631740393537],
              [-89.82269822698221, 68.54476326228746],
              [-89.99909999099985, 68.37875765366428],
              [-90.26910269102686, 68.24280478453325],
              [-90.3195031950319, 68.37875765366428],
              [-90.60390603906033, 68.44029421548149],
              [-90.48870488704881, 68.59198899577507],
              [-90.56430564305637, 68.79949600655402],
              [-90.44190441904414, 68.869619065369],
              [-90.7695076950769, 69.10860989847302],
              [-91.25551255512549, 69.2989439152565],
              [-90.93870938709381, 69.30323716375537],
              [-90.43830438304377, 69.49357118053882],
              [-90.65430654306537, 69.53650366552756],
              [-91.1115111151111, 69.51360634020023],
              [-91.42471424714242, 69.66816328615974],
              [-91.79911799117986, 69.48927793203995],
              [-92.1015210152101, 69.55796990802196],
              [-92.2635226352263, 69.66530112049384],
              [-92.86832868328678, 69.70250927415074],
              [-92.2635226352263, 69.8756702969387],
              [-91.94311943119426, 70.02450291156637],
              [-92.11232112321117, 70.08890163904948],
              [-92.52992529925294, 70.07745297638581],
              [-92.20952209522089, 70.18335310602473],
              [-91.99711997119965, 70.12324762704048],
              [-91.51111511115106, 70.16188686353036],
              [-91.74511745117445, 70.35937629447861],
              [-91.95751957519569, 70.25776941333856],
              [-92.04392043920434, 70.42091285629581],
              [-92.41472414724142, 70.6684901863976],
              [-92.9475294752947, 70.81732280102528],
              [-92.8575285752857, 71.14933401827162],
              [-92.99072990729901, 71.35684102905057],
              [-93.21393213932133, 71.46846549002132],
              [-93.82233822338218, 71.65593734113887],
              [-93.7215372153721, 71.76469963644368],
              [-94.21114211142105, 71.79189021026991],
              [-94.40194401944014, 71.6645238381366],
              [-94.49194491944914, 71.82623619826091],
              [-94.4055440554405, 71.9464471562294],
              [-94.5495454954549, 72.00225938671477],
              [-95.22635226352257, 71.94930932189533],
              [-95.30195301953013, 71.72033606862198],
              [-95.49275492754921, 71.7231982342879],
              [-95.94275942759421, 71.55289937716586],
              [-95.46395463954634, 71.48420740118385],
              [-95.65835658356578, 71.2910112187345],
              [-95.98595985959854, 71.41551542520185],
              [-96.44676446764461, 71.29959771573223],
              [-96.37476374763742, 71.10353936761695],
              [-96.61596615966154, 70.82590929802302],
              [-96.19116191161906, 70.6241266185759],
              [-96.56196561965614, 70.3150127266569],
              [-96.48636486364857, 70.09748813604725],
              [-96.2055620556205, 69.86565271710799],
              [-95.83115831158305, 69.80840940378965],
              [-94.8735487354873, 69.57228073635153],
              [-94.62874628746282, 69.68819844582114],
              [-94.32274322743221, 69.45350086121599],
              [-93.93033930339298, 69.43489678438752],
              [-93.5595355953559, 69.53077933419573],
              [-93.57744245569504, 69.4284535154952],
              [-93.88713887138866, 69.34473856591114],
              [-94.23634236342357, 69.3361520689134],
              [-94.32274322743221, 69.15583563196066],
              [-94.14994149941494, 69.06424633065132],
              [-94.40194401944014, 68.96263944951127],
              [-94.6035460354603, 68.9683637808431],
              [-94.63594635946353, 68.75656352156528],
              [-94.11034110341097, 68.75942568723119],
              [-93.90873908739081, 68.99555435466934],
              [-93.63513635136346, 68.96263944951127],
              [-93.5775357753577, 68.8624636512042],
              [-93.72873728737282, 68.6120241554365],
              [-93.3975339753397, 68.63349039793087],
              [-94.20394203942034, 68.37446440516541],
              [-94.34074340743402, 68.2442358673662],
              [-94.86274862748621, 68.03100452525541],
              [-95.09315093150926, 68.09111000423967],
              [-95.4495544955449, 68.07107484457825],
              [-95.69435694356937, 67.7118730535057],
              [-95.46395463954634, 67.63888782902482],
              [-95.4135541355413, 67.45714030923912],
              [-95.17595175951753, 67.28970361778299],
              [-95.34515345153446, 67.15804399715083],
              [-95.29475294752942, 66.90331125288425],
              [-96.09036090360898, 66.92763966104454],
              [-95.8635586355863, 66.76592730092025],
              [-96.39636396363957, 66.99490055419358],
              [-95.8815588155881, 66.94624373787299],
              [-95.34875348753482, 66.97343431169921],
              [-95.38835388353878, 67.16090616281674],
              [-95.5215552155521, 67.21958055896803],
              [-95.83475834758342, 67.16519941131563],
              [-95.58275582755822, 67.30115228044666],
              [-95.73395733957334, 67.37699967059345],
              [-96.07596075960754, 67.22530489029987],
              [-96.25236252362518, 67.2482022156272],
              [-96.06876068760681, 67.44139839807657],
              [-96.46116461164605, 67.47431330323462],
              [-96.34236342363418, 67.68897572817836],
              [-96.19836198361978, 67.62743916636116],
              [-96.21276212762122, 67.83065292864124],
              [-95.89595895958954, 68.29718593218566],
              [-96.39636396363957, 68.17125064288533],
              [-96.80316803168026, 68.02671127675653],
              [-96.48996489964894, 68.21847637637295],
              [-96.6915669156691, 68.28573726952199],
              [-97.08037080370798, 68.26570210986057],
              [-97.00837008370078, 68.35013599700511],
              [-97.26037260372598, 68.46891587214066],
              [-97.98037980379797, 68.54762542795336],
              [-97.74637746377458, 68.36874007383358],
              [-98.21438214382138, 68.30434134635045],
              [-98.71838718387178, 68.36730899100061],
              [-98.31518315183146, 68.16695739438646],
              [-98.3835838358383, 67.99808962009737],
              [-98.04878048780482, 67.83780834280604],
              [-98.0595805958059, 67.91651789861875],
              [-97.69237692376917, 68.02241802825766],
              [-97.11997119971194, 67.77913394665474],
              [-97.27477274772743, 67.66607840285104],
              [-97.55917559175586, 67.59595534403608],
              [-98.09198091980915, 67.76052986982629],
              [-98.2395823958239, 67.91365573295283],
              [-98.56718567185666, 68.08824783857375],
              [-98.7255872558725, 67.95801930077454],
              [-98.36198361983614, 67.81204885181279],
              [-99.22599225992253, 67.71473521917162],
              [-99.42399423994235, 67.79344477498432],
              [-100.41400414004134, 67.85068808830266],
              [-100.71640716407158, 67.84639483980378],
              [-100.9576095760957, 67.74908120716262],
              [-101.25281252812522, 67.76911636682404],
              [-101.53001530015294, 67.68038923118061],
              [-101.98001980019794, 67.79201369215137],
              [-102.3076230762307, 67.72332171616937],
              [-102.76122761227606, 67.8149110174787],
              [-102.94842948429478, 67.92653547844945],
              [-103.36243362433618, 68.010969365594],
              [-103.4416344163441, 68.16695739438646],
              [-103.54243542435418, 68.07107484457825],
              [-103.87723877238767, 68.02384911109061],
              [-104.4856448564485, 68.03386669092133],
              [-104.67644676446758, 68.13976682056024],
              [-104.60084600846002, 68.23564937036845],
              [-104.88524885248846, 68.22992503903662],
              [-104.89244892448919, 68.35156707983808],
              [-105.09405094050935, 68.26999535835945],
              [-105.52605526055254, 68.41024147598937],
              [-105.41085410854103, 68.53045243395786],
              [-105.46845468454678, 68.72221753357428],
              [-105.74925749257487, 68.86532581687013],
              [-106.19926199261987, 68.94403537268283],
              [-106.27126271262706, 68.9068272190259],
              [-107.15327153271527, 68.74940810740048],
              [-107.29367293672931, 68.70075129107991],
              [-108.28008280082794, 68.6220417352672],
              [-108.81648816488159, 68.27428860685832],
              [-108.45288452884523, 68.3129278433482],
              [-108.33768337683371, 68.15550873172279],
              [-107.64287642876423, 68.16552631155349],
              [-107.88767887678871, 68.26999535835945],
              [-107.54567545675451, 68.35156707983808],
              [-107.14247142471419, 68.2714264411924],
              [-106.78606786067854, 68.41453472448825],
              [-106.60246602466019, 68.30720351201637],
              [-106.52326523265226, 68.526159185459],
              [-105.87885878858782, 68.6392147292627],
              [-105.64845648456479, 68.6392147292627],
              [-105.74925749257487, 68.42025905582008],
              [-106.44406444064434, 68.35156707983808],
              [-106.44406444064434, 68.15264656605687],
              [-106.59886598865982, 68.24566695019917],
              [-106.81486814868143, 68.20845879654225],
              [-106.75726757267566, 68.10542083256924],
              [-107.14607146071455, 68.13118032356249],
              [-107.43047430474299, 68.04245318791908],
              [-107.88047880478798, 68.09254108707262],
              [-107.92007920079195, 68.00524503426216],
              [-107.68607686076855, 67.91079356728692],
              [-107.9416794167941, 67.85498133680153],
              [-107.98847988479879, 67.69326897667725],
              [-107.58527585275847, 67.50150387706083],
              [-107.65007650076494, 67.39989699592078],
              [-107.5276752767527, 67.21242514480325],
              [-107.2036720367203, 67.12512909199279],
              [-107.4016740167401, 67.04069520484825],
              [-107.40887408874083, 66.81744628290674],
              [-107.52407524075234, 67.02066004518683],
              [-107.75807758077575, 67.00921138252316],
              [-107.5636756367563, 66.59419736096525],
              [-107.24327243272427, 66.34805111369641],
              [-107.7256772567725, 66.63140551462216],
              [-107.83367833678331, 66.74875430692475],
              [-108.13608136081355, 66.8603787678955],
              [-108.16488164881643, 66.96484781470146],
              [-108.52488524885243, 67.0421262876812],
              [-108.62208622086214, 67.15947507998379],
              [-108.30168301683011, 67.04069520484825],
              [-107.88407884078835, 67.04785061901303],
              [-107.99207992079914, 67.2825482036182],
              [-108.32328323283227, 67.43567406674474],
              [-108.51048510485099, 67.392741581756],
              [-108.60048600485999, 67.6260080835282],
              [-108.73728737287367, 67.59309317837017],
              [-108.8236882368823, 67.35696451093203],
              [-109.0216902169021, 67.48719304873124],
              [-108.92808928089275, 67.53155661655295],
              [-109.0756907569075, 67.72189063333641],
              [-109.71649716497159, 67.7190284676705],
              [-109.6984969849698, 67.81061776897982],
              [-110.34290342903422, 67.96803688060524],
              [-110.8217082170821, 67.81634210031166],
              [-111.21051210512098, 67.76196095265925],
              [-111.16731167311667, 67.84639483980378],
              [-111.54531545315447, 67.72189063333641],
              [-111.88011880118795, 67.7633920354922],
              [-112.3265232652326, 67.7462190414967],
              [-112.42012420124195, 67.68182031401358],
              [-113.04293042930423, 67.67323381701583],
              [-113.31653316533159, 67.71044197067275],
              [-113.86013860138596, 67.69613114234316],
              [-114.39654396543959, 67.74192579299783],
              [-114.78894788947883, 67.81634210031166],
              [-115.1165511655116, 67.80346235481504],
              [-115.53415534155336, 67.93369089261424],
              [-115.11295112951123, 68.01669369692583],
              [-115.2425524255242, 68.18699255404786],
              [-114.75654756547559, 68.19414796821266],
              [-114.96894968949682, 68.28287510385607],
              [-114.33894338943384, 68.23564937036845],
              [-114.01494014940143, 68.25282236436395],
              [-113.90693906939063, 68.40022389615866],
              [-114.52254522545219, 68.71792428507541],
              [-115.0337503375033, 68.87534339670083],
              [-115.94095940959403, 69.00270976883411],
              [-116.3117631176311, 68.9483286211817],
              [-115.96975969759691, 68.80951358638475],
              [-118.03978039780392, 69.02417601132848],
              [-118.47538475384746, 69.13007614096742],
              [-118.66618666186656, 69.22595869077563],
              [-120.27900279002783, 69.40770621056132],
              [-120.68220682206815, 69.556538825189],
              [-120.68220682206815, 68.01526261409286],
              [-116.41093516593274, 66.82678741354616],
              [-112.50292502925024, 65.50085007658508],
              [-110.70650706507058, 65.50085007658508],
              [-109.33584962677324, 64.84125590319499],
              [-101.99801998019974, 64.22718635525217],
              [-102.0016200162001, 59.99976766669326],
              [-94.8015480154801, 59.99976766669326]
            ]
          ],
          [
            [
              [-110.83610836108355, 68.5504875936193],
              [-111.08091080910803, 68.47464020347249],
              [-110.69930699306987, 68.48895103180207],
              [-110.83610836108355, 68.5504875936193]
            ]
          ],
          [
            [
              [-104.48924489244887, 68.51614160562828],
              [-104.68004680046795, 68.57910925027846],
              [-105.0616506165061, 68.54905651078633],
              [-104.65484654846543, 68.39736173049275],
              [-104.48924489244887, 68.51614160562828]
            ]
          ],
          [
            [
              [-101.6956169561695, 68.77087434989485],
              [-101.98001980019794, 68.82668658038025],
              [-102.35082350823502, 68.68787154558328],
              [-101.86481864818643, 68.57195383611366],
              [-101.6956169561695, 68.77087434989485]
            ]
          ],
          [
            [
              [-100.20520205202047, 68.80378925505292],
              [-100.18000180001795, 68.8939474735293],
              [-100.40320403204026, 69.02990034266031],
              [-100.63000630006295, 68.99555435466934],
              [-100.63000630006295, 68.79663384088812],
              [-100.3636036360363, 68.72221753357428],
              [-100.20520205202047, 68.80378925505292]
            ]
          ],
          [
            [
              [-100.04320043200426, 69.08571257314571],
              [-100.22680226802262, 68.9998476031682],
              [-100.03600036000354, 68.9411732070169],
              [-100.04320043200426, 69.08571257314571]
            ]
          ],
          [
            [
              [-100.98280982809823, 69.48212251787515],
              [-101.27801278012774, 69.58516048184816],
              [-101.19881198811983, 69.40484404489541],
              [-100.98280982809823, 69.48212251787515]
            ]
          ],
          [
            [
              [-96.55476554765542, 69.47926035220925],
              [-96.14436144361437, 69.35189398007594],
              [-96.14796147961474, 69.56226315652083],
              [-96.74196741967414, 69.57800506768336],
              [-96.55476554765542, 69.47926035220925]
            ]
          ],
          [
            [
              [-95.94275942759421, 69.42058595605795],
              [-95.88515885158846, 69.3433074830782],
              [-95.72315723157226, 69.55510774235603],
              [-95.71235712357118, 69.32184124058384],
              [-95.4135541355413, 69.38623996806695],
              [-95.38115381153806, 69.52362392003096],
              [-95.62955629556289, 69.61950646983917],
              [-95.92475924759242, 69.59088481318],
              [-95.94275942759421, 69.42058595605795]
            ]
          ],
          [
            [
              [-95.2155521555215, 68.8624636512042],
              [-95.57195571955714, 68.83527307737799],
              [-95.8455584555845, 68.89108530786336],
              [-96.06876068760681, 69.23454518777336],
              [-96.25236252362518, 69.16012888045952],
              [-96.21996219962193, 69.31325474358607],
              [-96.89316893168926, 69.49786442903769],
              [-97.29637296372958, 69.69821602565187],
              [-97.92637926379258, 69.89570545660013],
              [-98.21798217982175, 69.79696074112599],
              [-98.36918369183687, 69.60519564150957],
              [-98.00198001980014, 69.44777652988415],
              [-98.54918549185486, 69.58516048184816],
              [-98.60678606786063, 69.44205219855232],
              [-98.39438394383939, 69.31754799208494],
              [-98.6535865358653, 69.30037499808944],
              [-98.71118711187106, 69.20163028261533],
              [-99.00639006390058, 69.13866263796515],
              [-99.49239492394918, 69.12148964396965],
              [-99.5895958959589, 69.01415843149778],
              [-99.18279182791822, 68.83097982887912],
              [-98.99198991989914, 68.95405295251354],
              [-98.86238862388618, 68.83384199454503],
              [-98.52398523985234, 68.75083919023345],
              [-98.42678426784262, 68.84815282287462],
              [-98.26838268382679, 68.74082161040275],
              [-97.76077760777602, 68.65209447475934],
              [-97.4655746557465, 68.53474568245673],
              [-97.03717037170365, 68.5533497592852],
              [-96.51876518765182, 68.44744962964629],
              [-96.29556295562949, 68.48036453480432],
              [-95.80595805958053, 68.72937294773908],
              [-95.52875528755281, 68.67785396575258],
              [-95.2155521555215, 68.8624636512042]
            ]
          ],
          [
            [
              [-100.65520655206547, 70.55114139409503],
              [-100.23040230402299, 70.46384534128458],
              [-100.48600486004854, 70.68136993189424],
              [-100.71280712807122, 70.68136993189424],
              [-100.65520655206547, 70.55114139409503]
            ]
          ],
          [
            [
              [-110.00450004500038, 72.75500895685084],
              [-110.00450004500038, 72.62764258471756],
              [-109.78849788497878, 72.50456946108315],
              [-110.00450004500038, 72.52317353791162],
              [-110.00450004500038, 72.45877481042848],
              [-110.00090000900003, 70.00017450340607],
              [-112.49932499324987, 70.00017450340607],
              [-112.46332463324627, 69.84991080594546],
              [-112.87372873728731, 69.83273781194995],
              [-112.89892898928983, 70.00017450340607],
              [-117.12537125371247, 70.00160558623904],
              [-117.14337143371426, 69.88855004243533],
              [-116.63576635766351, 69.62952404966987],
              [-116.85536855368548, 69.64812812649834],
              [-116.63216632166315, 69.46208735821375],
              [-115.97335973359728, 69.30037499808944],
              [-115.18855188551879, 69.24313168477113],
              [-114.39654396543959, 69.28749525259283],
              [-113.94293942939423, 69.25887359593366],
              [-113.69453694536939, 69.19447486845053],
              [-113.55053550535499, 69.04421117098991],
              [-113.65493654936543, 68.80092708938699],
              [-113.34893348933483, 68.59198899577507],
              [-112.74772747727471, 68.46319154080882],
              [-112.58212582125815, 68.50898619146349],
              [-111.53091530915303, 68.5433321794545],
              [-111.3617136171361, 68.5876957472762],
              [-110.98010980109795, 68.54905651078633],
              [-110.6057060570605, 68.61631740393537],
              [-109.62289622896223, 68.6420768949286],
              [-108.95328953289527, 68.74225269323571],
              [-108.56448564485639, 68.87534339670083],
              [-108.53928539285387, 68.94689753834874],
              [-107.9416794167941, 68.9411732070169],
              [-107.33327333273327, 69.02560709416144],
              [-106.92646926469259, 69.23883843627223],
              [-106.96246962469618, 69.36334264273961],
              [-106.76806768067675, 69.37622238823624],
              [-106.58446584465838, 69.50358876036952],
              [-106.31806318063174, 69.40484404489541],
              [-106.27486274862743, 69.28749525259283],
              [-106.4116641166411, 69.1887505371187],
              [-105.88605886058855, 69.17587079162206],
              [-104.91764917649171, 69.04850441948878],
              [-105.2776527765277, 68.95405295251354],
              [-105.12285122851222, 68.8968096391952],
              [-104.59364593645931, 68.86389473403716],
              [-104.44604446044454, 68.9411732070169],
              [-103.44883448834483, 68.78947842672332],
              [-103.01323013230126, 68.80235817221995],
              [-102.5236252362523, 68.86532581687013],
              [-102.38682386823862, 68.92686237868733],
              [-101.96561965619651, 68.96979486367607],
              [-101.77121771217706, 69.19447486845053],
              [-102.17442174421738, 69.35189398007594],
              [-101.94041940419399, 69.42058595605795],
              [-102.0556205562055, 69.48498468354109],
              [-102.46242462424618, 69.48069143504219],
              [-102.83682836828362, 69.38623996806695],
              [-103.03843038430378, 69.2574425131007],
              [-102.98802988029874, 69.42058595605795],
              [-103.22203222032215, 69.55510774235603],
              [-103.51003510035095, 69.61950646983917],
              [-103.43803438034374, 69.70823360548258],
              [-102.78282782827823, 69.53650366552756],
              [-102.50922509225086, 69.5636942393538],
              [-102.58122581225807, 69.74401067630654],
              [-102.34722347223466, 69.76404583596795],
              [-102.17802178021775, 69.90142978793196],
              [-101.67401674016735, 69.64669704366537],
              [-101.47601476014754, 69.89427437376716],
              [-101.32841328413278, 69.6796119488234],
              [-100.96480964809642, 69.66387003766087],
              [-100.87120871208707, 69.80840940378965],
              [-100.9756097560975, 70.14757603520079],
              [-101.06201062010614, 70.19623285152136],
              [-101.53001530015294, 70.11323004720978],
              [-101.69201692016914, 70.30928839532507],
              [-101.95121951219507, 70.26921807600223],
              [-102.40842408424078, 70.42520610479468],
              [-102.85122851228506, 70.51679540610402],
              [-102.85842858428579, 70.5969360447497],
              [-103.13203132031315, 70.6828010147272],
              [-103.13923139231386, 70.51107107477219],
              [-103.27243272432719, 70.59121171341786],
              [-103.53883538835382, 70.5997982104156],
              [-103.97083970839702, 70.75149299070918],
              [-104.10404104041034, 70.89746343967096],
              [-104.6476464764647, 71.11928127877948],
              [-104.46044460444598, 71.21230166292179],
              [-104.49644496444958, 71.3253572067255],
              [-104.28404284042834, 71.36399644321537],
              [-104.38124381243806, 71.6001251106535],
              [-105.04005040050394, 72.11388384768551],
              [-104.96084960849602, 72.17828257516865],
              [-105.30645306453059, 72.45591264476258],
              [-105.3676536765367, 72.79221711050778],
              [-105.83205832058314, 73.0140349496163],
              [-106.23526235262347, 73.08702017409718],
              [-106.87246872468718, 73.31599342737053],
              [-107.17127171271707, 73.19435138656905],
              [-107.66087660876603, 73.32887317286713],
              [-108.08928089280887, 73.3546326638604],
              [-108.1576815768157, 73.30597584753983],
              [-107.8696786967869, 73.19005813807019],
              [-108.16488164881643, 73.20580004923272],
              [-108.29808298082975, 73.13424590758481],
              [-108.1576815768157, 73.0526741861062],
              [-108.08208082080814, 72.76073328818268],
              [-107.87687876878762, 72.57326143706516],
              [-107.98487984879843, 72.51744920657978],
              [-107.7256772567725, 72.28847595330643],
              [-107.7796777967779, 72.14107442151175],
              [-107.60327603276026, 72.01084588371253],
              [-107.27207272072715, 71.90923900257249],
              [-107.47367473674731, 71.87059976608262],
              [-107.25047250472498, 71.80620103859948],
              [-107.5636756367563, 71.77471721627441],
              [-107.7256772567725, 71.6344710986445],
              [-107.98487984879843, 71.6344710986445],
              [-108.28728287282867, 71.79904562443468],
              [-108.19008190081895, 71.94930932189533],
              [-108.41688416884162, 71.9908107240511],
              [-108.40248402484019, 72.14822983567652],
              [-108.6616866168661, 72.3614611777873],
              [-108.63288632886322, 72.56610602290036],
              [-108.94608946089454, 72.67343723537223],
              [-109.75249752497518, 72.88094424615119],
              [-110.00450004500038, 72.98541329295716],
              [-110.00450004500038, 72.75500895685084]
            ]
          ],
          [
            [
              [-72.94932949329488, 66.73444347859517],
              [-73.33093330933305, 66.66288933694725],
              [-73.45693456934565, 66.5512648759765],
              [-74.47214472144717, 66.14913059991521],
              [-74.01134011340109, 65.85575861915875],
              [-73.65493654936544, 65.7198057500277],
              [-73.47493474934744, 65.4593486744293],
              [-74.05094050940504, 65.53662714740904],
              [-74.60894608946084, 65.33627555079488],
              [-75.10935109351088, 65.3935188641132],
              [-75.21375213752133, 65.25470382931626],
              [-75.94815948159477, 65.3219647224653],
              [-75.56295562955624, 65.16883885933875],
              [-75.36135361353608, 65.00712649921446],
              [-75.29295292952925, 64.75096267211492],
              [-75.40815408154076, 64.72520318112167],
              [-75.63135631356309, 64.954176434395],
              [-75.41535415354149, 64.97993592538825],
              [-75.45135451354508, 65.07868064086237],
              [-75.75735757357569, 65.21320242716045],
              [-76.67536675366749, 65.4106918581087],
              [-77.43497434974344, 65.4593486744293],
              [-77.3125731257312, 65.36203504178812],
              [-77.51417514175137, 65.32625797096416],
              [-77.3125731257312, 65.20032268166383],
              [-77.96417964179636, 65.05149006703617],
              [-78.14418144181437, 64.95703860006091],
              [-78.07218072180717, 64.81536139959805],
              [-78.19818198181977, 64.65078687380783],
              [-77.8525785257852, 64.370294638548],
              [-77.35217352173517, 64.24149718358176],
              [-77.1325713257132, 64.301602662566],
              [-76.68976689766893, 64.19140928442822],
              [-76.72936729367288, 64.27584317157276],
              [-76.18936189361888, 64.301602662566],
              [-76.28656286562861, 64.35169056171955],
              [-75.97695976959764, 64.40607170937196],
              [-75.71415714157136, 64.38460546687759],
              [-75.92295922959225, 64.48764343085058],
              [-75.79335793357929, 64.61644088581683],
              [-74.9725497254972, 64.41752037203563],
              [-74.68094680946804, 64.37745005271279],
              [-74.4685446854468, 64.56205973816442],
              [-74.79614796147956, 64.70087477296137],
              [-74.72414724147237, 64.86401821591862],
              [-74.54414544145436, 64.89836420390962],
              [-74.70974709747092, 64.73951400945126],
              [-74.39294392943924, 64.576370566494],
              [-74.05094050940504, 64.72520318112167],
              [-74.13014130141296, 64.59068139482359],
              [-74.05094050940504, 64.46903935402213],
              [-74.17334173341729, 64.370294638548],
              [-73.99693996939965, 64.32879323639222],
              [-73.93213932139317, 64.60356114032021],
              [-73.66573665736652, 64.56349082099737],
              [-73.3525335253352, 64.63790712831121],
              [-73.17973179731793, 64.576370566494],
              [-73.48213482134817, 64.404640626539],
              [-73.30933309333088, 64.25580801191134],
              [-73.24453244532441, 64.335948650557],
              [-72.90612906129056, 64.16564979343497],
              [-72.94212942129417, 64.06833616079379],
              [-72.66492664926645, 63.85653590151597],
              [-72.40572405724052, 63.8279142448568],
              [-72.24012240122396, 63.95957386548896],
              [-72.20052200522001, 63.78068851136916],
              [-72.02412024120237, 63.67621946456322],
              [-71.54891548915484, 63.71199653538717],
              [-71.58491584915843, 63.59321666025163],
              [-71.27891278912784, 63.566026086425424],
              [-71.68571685716852, 63.424348885962544],
              [-72.14292142921424, 63.44867729412283],
              [-71.74691746917465, 63.34850149581575],
              [-71.7145171451714, 63.17820263869372],
              [-71.14211142111417, 62.985006456244335],
              [-70.49410494104936, 62.86622658110879],
              [-70.24210242102416, 62.754602120138046],
              [-69.93969939699392, 62.80182785362567],
              [-69.3924939249392, 62.75173995447213],
              [-69.58689586895863, 62.657288487496885],
              [-69.02889028890284, 62.37965841790296],
              [-68.55368553685533, 62.24942988010376],
              [-67.33687336873363, 62.14066758479892],
              [-67.0884708847088, 62.03333637232706],
              [-66.7464674646746, 62.01330121266564],
              [-66.66366663666632, 61.93745382251885],
              [-66.27486274862744, 61.85874426670614],
              [-65.95085950859504, 61.89738350319601],
              [-66.14166141661411, 62.01330121266564],
              [-65.92925929259287, 62.19791089811726],
              [-66.15606156061556, 62.247998797270796],
              [-66.35766357663572, 62.45121255955088],
              [-66.76086760867604, 62.68447906132309],
              [-67.00567005670052, 62.657288487496885],
              [-67.03807038070376, 62.77320619696651],
              [-67.5384753847538, 63.04511193522859],
              [-68.14688146881464, 63.16102964469822],
              [-68.49968499684992, 63.431504300127344],
              [-68.86328863288628, 63.61038965424713],
              [-68.98928989289888, 63.74061819204634],
              [-68.73008730087297, 63.77782634570326],
              [-68.12168121681212, 63.60180315724938],
              [-67.73287732877324, 63.36996773831012],
              [-67.81567815678152, 63.650459973569966],
              [-67.68967689676892, 63.633286979574464],
              [-67.5024750247502, 63.44295296279101],
              [-66.77166771667711, 63.09949308288101],
              [-66.57366573665732, 63.165322893197086],
              [-66.41886418864183, 63.00790378157167],
              [-65.96525965259647, 62.93778072275671],
              [-65.60525605256048, 62.824725178953],
              [-65.24525245252448, 62.7803616111313],
              [-65.34965349653491, 62.707376386650424],
              [-65.16965169651692, 62.56856135185346],
              [-64.93924939249388, 62.63152899650363],
              [-65.28485284852843, 62.983575373411384],
              [-64.88884888848884, 62.86908874677471],
              [-64.62604626046256, 62.91059014893051],
              [-64.79164791647912, 63.12954582237313],
              [-65.05805058050576, 63.17820263869372],
              [-65.14805148051475, 63.2883960168315],
              [-64.90324903249028, 63.239739200510925],
              [-65.09765097650971, 63.54885309242992],
              [-64.95004950049496, 63.6390113109063],
              [-64.77004770047695, 63.328466336154335],
              [-64.53604536045356, 63.25548111167346],
              [-64.50364503645032, 63.64473564223813],
              [-64.70524705247048, 63.76208443454071],
              [-64.9284492844928, 63.77782634570326],
              [-64.89604896048955, 63.89803730367176],
              [-64.64764647646471, 63.9753157766515],
              [-65.19485194851944, 64.02254151013913],
              [-65.0544505445054, 64.06833616079379],
              [-65.52605526055255, 64.32879323639222],
              [-65.270452704527, 64.29587833123416],
              [-65.09405094050936, 64.41895145486859],
              [-65.69165691656912, 64.48764343085058],
              [-65.75285752857523, 64.59068139482359],
              [-65.58365583655832, 64.75668700344676],
              [-65.95085950859504, 64.88405337558004],
              [-66.21726217262167, 64.69228827596362],
              [-66.14886148861484, 64.87117363008342],
              [-66.53766537665372, 64.95846968289388],
              [-66.68166681666811, 65.04433465287137],
              [-66.68526685266848, 64.80963706826621],
              [-66.93726937269368, 65.24182408381962],
              [-67.09927099270988, 65.20318484732975],
              [-67.08487084870843, 65.46793517142704],
              [-67.45927459274589, 65.50085007658508],
              [-67.27207272072715, 65.64538944271388],
              [-67.7364773647736, 65.63823402854908],
              [-68.03168031680312, 65.48797033108846],
              [-67.86967869678692, 65.64538944271388],
              [-68.0064800648006, 65.78134231184491],
              [-68.2044820448204, 65.7956531401745],
              [-68.13608136081356, 65.9258816779737],
              [-68.3124831248312, 65.91300193247709],
              [-68.33408334083336, 66.04895480160812],
              [-68.05328053280527, 66.00745339945233],
              [-68.52488524885244, 66.20637391323353],
              [-68.2584825848258, 66.21925365873017],
              [-67.97407974079736, 66.08330078959912],
              [-67.92367923679232, 65.90298435264637],
              [-67.7544775447754, 65.95021008613399],
              [-67.47367473674731, 65.89296677281567],
              [-67.17127171271707, 65.9330370921385],
              [-67.16407164071636, 66.0360750561115],
              [-67.7544775447754, 66.25503072955412],
              [-67.87687876878763, 66.46396882316604],
              [-67.5744757447574, 66.41960525534434],
              [-67.39087390873904, 66.29939429737583],
              [-67.12807128071276, 66.31656729137133],
              [-67.1424714247142, 66.43964041500574],
              [-67.38007380073796, 66.54983379314353],
              [-66.86166861668612, 66.54267837897875],
              [-66.7644676446764, 66.38525926735333],
              [-66.47286472864724, 66.35091327936233],
              [-66.54126541265408, 66.24501314972342],
              [-66.28206282062816, 66.2421509840575],
              [-65.95805958059576, 66.11478461192421],
              [-65.5584555845558, 66.2349955698927],
              [-65.96165961659612, 66.053248050107],
              [-65.90045900459, 65.95307225179991],
              [-65.39285392853924, 65.98169390845908],
              [-64.84924849248488, 66.12050894325604],
              [-64.85284852848524, 66.0289196419467],
              [-65.35325353253528, 65.91443301531004],
              [-65.45405454054536, 65.67973543070488],
              [-65.18405184051836, 65.65683810537755],
              [-65.29205292052916, 65.56095555556934],
              [-64.9284492844928, 65.52804065041128],
              [-65.16965169651692, 65.48797033108846],
              [-65.01125011250107, 65.36919045595292],
              [-64.41004410044096, 65.48081491692366],
              [-64.88884888848884, 65.35487962762333],
              [-64.55764557645571, 65.09299146919196],
              [-64.43524435244348, 65.32912013663008],
              [-64.27684276842764, 65.10444013185563],
              [-63.80163801638011, 65.16454561083988],
              [-63.87003870038696, 65.04433465287137],
              [-63.52443524435239, 64.9026574524085],
              [-63.32283322833224, 65.2217889241582],
              [-63.37323373233728, 65.32912013663008],
              [-63.654036540365354, 65.46650408859408],
              [-63.31923319233188, 65.59673262639329],
              [-63.62163621636212, 65.67401109937305],
              [-63.34803348033476, 65.67258001654008],
              [-63.43083430834304, 65.847172122161],
              [-63.19683196831964, 65.63394078005021],
              [-62.862028620286154, 65.65540702254458],
              [-62.74682746827463, 65.5895772122285],
              [-62.5884258842588, 65.72409899852659],
              [-62.79362793627932, 65.86720728182242],
              [-62.50922509225087, 65.79279097450858],
              [-62.29322293222927, 65.82284371400071],
              [-62.43002430024296, 65.97883174279316],
              [-61.95481954819543, 66.02033314494895],
              [-62.1384213842138, 66.15485493124704],
              [-62.53802538025376, 66.22784015572792],
              [-62.31842318423179, 66.30368754587471],
              [-62.62802628026276, 66.43964041500574],
              [-62.221222212222074, 66.396707930017],
              [-62.210422104220996, 66.32372270553613],
              [-61.933219332193275, 66.28937671754512],
              [-61.46161461614612, 66.37094843902375],
              [-61.56601566015655, 66.41960525534434],
              [-61.99081990819903, 66.41960525534434],
              [-61.580415804157994, 66.47827965149563],
              [-61.57681576815763, 66.54983379314353],
              [-61.27081270812704, 66.60421494079596],
              [-61.29961299612991, 66.67720016527683],
              [-61.83961839618391, 66.97343431169921],
              [-62.10602106021055, 66.91905316404679],
              [-62.00522005220047, 67.03640195634937],
              [-62.271622716227114, 67.04785061901303],
              [-62.4264242642426, 66.92763966104454],
              [-62.311223112231076, 66.72728806443037],
              [-62.60642606426059, 66.95339915203779],
              [-62.82242822428219, 66.80170437174421],
              [-62.90522905229048, 66.97343431169921],
              [-63.34803348033476, 66.89043150738762],
              [-63.25083250832503, 67.13228450615757],
              [-62.977229772297676, 67.22244272463395],
              [-63.164431644316394, 67.33692935127063],
              [-63.41283412834123, 67.21814947613508],
              [-63.88803888038876, 67.24104680146242],
              [-63.96363963639632, 67.18809673664295],
              [-64.60804608046075, 67.14087100315533],
              [-64.14724147241468, 67.22244272463395],
              [-64.78804788047876, 67.221011641801],
              [-64.23004230042295, 67.29685903194779],
              [-64.76284762847624, 67.36268884226386],
              [-63.92403924039236, 67.29542794911482],
              [-63.99603996039956, 67.4542781435732],
              [-64.32724327243268, 67.4542781435732],
              [-64.0464404644046, 67.53012553372],
              [-64.07524075240748, 67.61742158653045],
              [-64.37764377643772, 67.77197853248995],
              [-64.74124741247408, 67.83065292864124],
              [-65.04725047250467, 67.72761496466825],
              [-65.1084510845108, 67.84496375697083],
              [-64.71964719647191, 67.98520987460074],
              [-64.9644496444964, 68.05247076774978],
              [-65.41805418054176, 67.91365573295283],
              [-65.44685446854464, 67.99379637159849],
              [-65.8284582845828, 67.96803688060524],
              [-65.95805958059576, 67.81777318314462],
              [-65.96885968859684, 68.03243560808836],
              [-66.26406264062636, 67.96517471493932],
              [-66.3684636846368, 67.78199611232066],
              [-66.7464674646746, 67.87930974496183],
              [-66.42966429664291, 67.86499891663225],
              [-66.23886238862384, 68.08252350724192],
              [-66.6924669246692, 68.14549115189207],
              [-66.90486904869044, 68.06535051324641],
              [-66.7644676446764, 68.24280478453325],
              [-67.03087030870304, 68.32723867167779],
              [-66.89406894068937, 68.423121221486],
              [-67.12807128071276, 68.48179561763729],
              [-67.6284762847628, 68.49324428030096],
              [-67.49167491674912, 68.53045243395786],
              [-68.37728377283769, 68.60057549277283],
              [-68.64368643686431, 68.66497422025594],
              [-68.10728107281068, 68.63062823226494],
              [-68.04608046080456, 68.68787154558328],
              [-68.87768877688772, 68.76801218422895],
              [-69.15129151291508, 68.83097982887912],
              [-68.4924849248492, 68.79663384088812],
              [-68.39888398883984, 68.8452906572087],
              [-67.7724777247772, 68.78375409539149],
              [-67.99927999279988, 68.8553082370394],
              [-68.0424804248042, 68.972657029342],
              [-67.7364773647736, 69.03991792249104],
              [-68.37368373683732, 69.18016404012096],
              [-68.86328863288628, 69.09143690447752],
              [-68.50688506885064, 69.20163028261533],
              [-68.13968139681391, 69.20306136544829],
              [-69.0144901449014, 69.35904939424074],
              [-68.19728197281968, 69.31039257792017],
              [-67.67887678876784, 69.17730187445503],
              [-66.66726667266668, 69.18445728861983],
              [-66.78966789667892, 69.34044531741228],
              [-67.22887228872284, 69.46494952387965],
              [-68.0064800648006, 69.46208735821375],
              [-68.58608586085856, 69.59088481318],
              [-69.29169291692912, 69.50931309170136],
              [-68.7264872648726, 69.64669704366537],
              [-68.3484834848348, 69.63381729816874],
              [-68.01368013680131, 69.77549449863162],
              [-67.74727747277468, 69.78264991279642],
              [-67.34767347673471, 69.71682010248031],
              [-67.11367113671132, 69.72826876514398],
              [-67.22527225272248, 69.94865552141957],
              [-67.54567545675452, 70.14757603520079],
              [-68.05328053280527, 70.3250303064876],
              [-68.32328323283228, 70.22342342534756],
              [-68.19008190081895, 70.12610979270642],
              [-68.6724867248672, 69.98300150941057],
              [-69.47889478894784, 69.81842698362036],
              [-69.0864908649086, 69.98443259224354],
              [-68.86328863288628, 70.01877858023454],
              [-68.64368643686431, 70.14757603520079],
              [-68.70488704887045, 70.20911259701799],
              [-69.68409684096837, 70.13898953820302],
              [-69.75969759697593, 69.97298392957987],
              [-70.22410224102236, 69.94579335575366],
              [-69.8784987849878, 70.04453807122778],
              [-70.08730087300869, 70.06886647938808],
              [-69.47169471694713, 70.24775183350786],
              [-68.71928719287187, 70.3221681408217],
              [-68.6724867248672, 70.42377502196175],
              [-68.48888488884884, 70.36939387430931],
              [-68.29808298082976, 70.49676024644262],
              [-68.36288362883624, 70.58405629925306],
              [-69.09729097290968, 70.72287133405004],
              [-69.20169201692012, 70.77868356453541],
              [-69.590495904959, 70.77295923320358],
              [-70.040500405004, 70.5969360447497],
              [-70.47970479704792, 70.61267795591223],
              [-69.95769957699572, 70.73431999671371],
              [-69.77409774097735, 70.85596203751516],
              [-69.9144991449914, 70.88029044567546],
              [-70.98370983709832, 70.6341441984066],
              [-71.3545135451354, 70.12324762704048],
              [-71.18171181711813, 70.54255489709729],
              [-71.5165151651516, 70.57833196792123],
              [-71.75411754117536, 70.3150127266569],
              [-71.72891728917284, 70.49676024644262],
              [-71.52731527315268, 70.61983337007703],
              [-71.2645126451264, 70.58405629925306],
              [-70.80730807308068, 70.72430241688298],
              [-70.51570515705153, 70.93753375899377],
              [-70.78570785707852, 71.11498803028061],
              [-71.14931149311488, 71.03770955730087],
              [-71.32211322113216, 70.88744585984023],
              [-72.33732337323369, 70.75721732204101],
              [-72.1645216452164, 70.83020254652192],
              [-72.35532355323548, 70.87885936284249],
              [-72.04572045720452, 71.08493529078848],
              [-71.4445144451444, 71.07348662812481],
              [-71.11691116911165, 71.27097605907306],
              [-71.58131581315808, 71.51569122350895],
              [-72.47412474124737, 71.6473508441411],
              [-72.76343244145978, 71.53917752570473],
              [-72.73692736927364, 71.6616616724707],
              [-73.04293042930425, 71.5858142823239],
              [-72.7825233866605, 71.5320393441322],
              [-72.83772837728372, 71.51139797501006],
              [-72.75492754927544, 71.43555058486328],
              [-72.81612816128157, 71.44843033035991],
              [-72.95292952929525, 71.51712230634189],
              [-73.3525335253352, 71.53429530033739],
              [-73.26613266132657, 71.36399644321537],
              [-73.0645306453064, 71.3253572067255],
              [-73.02010320440657, 71.34736916022142],
              [-73.05013050130496, 71.27097605907306],
              [-73.4425344253442, 71.34682344921987],
              [-73.65493654936544, 71.44270599902808],
              [-73.56493564935644, 71.55862370849769],
              [-73.86733867338668, 71.53572638317036],
              [-74.09774097740973, 71.28242472173673],
              [-74.01494014940144, 71.48993173251569],
              [-73.59733597335968, 71.76326855361074],
              [-73.90693906939065, 71.77614829910735],
              [-74.5225452254522, 71.66309275530367],
              [-74.72774727747273, 71.54431288016812],
              [-74.630546305463, 71.38975593420861],
              [-74.92934929349289, 71.45558574452468],
              [-74.63414634146336, 71.6545062583059],
              [-75.08415084150836, 71.70316307462647],
              [-74.26334263342628, 71.81908078409612],
              [-74.11934119341188, 71.96791339872377],
              [-74.23814238142376, 72.07667569402861],
              [-75.0625506255062, 72.12819467601511],
              [-75.19575195751952, 72.02372562920914],
              [-75.46215462154616, 72.00941480087957],
              [-74.94014940149397, 72.25699213098136],
              [-75.19935199351988, 72.49741404691835],
              [-75.99135991359908, 72.58757226539473],
              [-76.12816128161276, 72.49168971558652],
              [-76.19656196561961, 72.5990209280584],
              [-76.65376653766532, 72.63909124738123],
              [-76.88776887768873, 72.74356029418718],
              [-77.60057600576, 72.75644003968381],
              [-78.44298442984424, 72.58757226539473],
              [-78.53298532985325, 72.42585990527044],
              [-77.78417784177837, 72.24411238548473],
              [-78.56898568985685, 72.35573684645547],
              [-78.81738817388168, 72.32282194129743],
              [-78.87498874988745, 72.23123263998812],
              [-78.38898388983884, 72.09814193652298],
              [-78.83178831788312, 72.17255824383682],
              [-78.91458914589141, 72.03088104337394],
              [-78.72018720187197, 71.92354983090206],
              [-79.23139231392308, 71.97649989572153],
              [-79.02979029790292, 72.08669327385931],
              [-78.95058950589501, 72.27559620780983],
              [-79.28179281792812, 72.39437608294537],
              [-79.76779767797673, 72.22264614299036],
              [-79.59499594995944, 72.33999493529294],
              [-79.81819818198177, 72.50600054391612],
              [-80.16020160201597, 72.33999493529294],
              [-79.93699936999364, 72.16540282967202],
              [-80.24660246602461, 72.2999246159701],
              [-80.23940239402388, 72.20976639749372],
              [-80.48420484204837, 72.18114474083455],
              [-80.39780397803973, 72.0494851202024],
              [-80.75780757807573, 71.98365530988633],
              [-81.02781027810273, 72.09384868802411],
              [-80.57060570605701, 72.09098652235818],
              [-80.97020970209697, 72.20404206616189],
              [-80.51300513005124, 72.38149633744874],
              [-80.55620556205557, 72.51601812374682],
              [-80.98460984609841, 72.44446398209891],
              [-80.52740527405268, 72.57898576839699],
              [-80.24660246602461, 72.73783596285537],
              [-80.63900639006384, 72.92816997963882],
              [-80.54900549005485, 73.09417558826198],
              [-80.6426064260642, 73.17002297840878],
              [-81.13221132211316, 73.24730145138852],
              [-81.2294122941229, 73.53924234931202],
              [-81.52821528215277, 73.71669662059887],
              [-82.83142831428309, 73.73673178026027],
              [-84.65664656646561, 73.39470298318324],
              [-84.3974439744397, 73.22440412606119],
              [-84.83664836648362, 73.3889786518514],
              [-85.19305193051925, 73.23155954022599],
              [-84.57024570245697, 73.11421074792341],
              [-83.86103861038605, 73.03693227494364],
              [-84.45864458644581, 73.0626917659369],
              [-85.17505175051745, 73.14855673591441],
              [-85.12465124651241, 73.0526741861062],
              [-85.3946539465394, 73.13997023891665],
              [-85.53505535055345, 73.02548361227997],
              [-85.17145171451709, 73.0111727839504],
              [-84.23904239042385, 72.80080360750551],
              [-85.16065160651601, 72.94820513930023],
              [-85.54225542255418, 72.9768267959594],
              [-85.6826568265682, 72.89382399164782],
              [-85.70425704257038, 72.63479799888236],
              [-85.5134551345513, 72.46306805892735],
              [-85.00945009450089, 72.37434092328394],
              [-84.76824768247677, 72.46020589326145],
              [-84.9374493744937, 72.29276920180533],
              [-84.16344163441629, 72.0251567120421],
              [-85.03465034650341, 72.25412996531543],
              [-85.4774547745477, 72.2655786279791],
              [-85.49545495454949, 72.08526219102635],
              [-85.98865988659881, 72.03088104337394],
              [-85.57465574655741, 71.90780791973953],
              [-85.58185581855813, 71.79189021026991],
              [-85.25785257852573, 71.66881708663547],
              [-84.890648906489, 71.63304001581153],
              [-84.71424714247136, 71.6816968321321],
              [-84.52704527045265, 71.47275873852018],
              [-84.69984699846994, 71.43268841919735],
              [-84.79704797047965, 71.28814905306857],
              [-84.66384663846632, 71.22375032558546],
              [-84.82584825848254, 71.10067720195102],
              [-84.75384753847533, 70.97617299548367],
              [-84.96624966249657, 70.92465401349716],
              [-84.85824858248577, 71.15935159810232],
              [-85.48465484654841, 71.17509350926485],
              [-85.76905769057686, 71.14933401827162],
              [-86.28386283862834, 71.00622573497577],
              [-86.80226802268017, 71.00050140364394],
              [-86.20826208262078, 71.07921095945665],
              [-85.97425974259737, 71.17509350926485],
              [-85.54225542255418, 71.18081784059669],
              [-85.17145171451709, 71.27813147323786],
              [-84.85824858248577, 71.2767003904049],
              [-84.95904959049585, 71.42839517069848],
              [-85.49545495454949, 71.51426014067599],
              [-86.12906129061285, 71.79475237593581],
              [-86.40986409864094, 72.0051215523807],
              [-86.46026460264598, 72.20404206616189],
              [-86.25506255062545, 72.39437608294537],
              [-86.32706327063265, 72.50313837825018],
              [-86.67986679866793, 72.64624666154603],
              [-86.69786697866974, 72.81654551866808],
              [-86.28386283862834, 73.08702017409718],
              [-86.03186031860314, 73.3031136818739],
              [-85.57825578255778, 73.51205177548582],
              [-84.95184951849514, 73.66803980427827],
              [-84.83664836648362, 73.74531827725801],
              [-85.10665106651061, 73.81257917040708],
              [-86.0174601746017, 73.85551165539582],
              [-86.71586715867153, 73.84692515839805],
              [-87.7634776347763, 73.71669662059887],
              [-88.41508415084145, 73.52493152098245],
              [-89.05229052290517, 73.25159469988739],
              [-89.3114931149311, 73.04694985477437],
              [-89.29349293492929, 72.75214679118494],
              [-89.57789577895774, 72.79221711050778],
              [-89.58869588695882, 72.6161939220539],
              [-89.78309783097825, 72.57326143706516],
              [-89.96309963099625, 72.25699213098136],
              [-89.90189901899014, 72.18973123783232],
              [-89.57789577895774, 72.16254066400612],
              [-89.99189991899914, 72.07095136269677],
              [-90.1035010350103, 71.91639441673726],
              [-89.79749797497969, 71.76469963644368],
              [-89.99549995499949, 71.6101426904842],
              [-90.00270002700022, 71.45558574452468],
              [-89.81189811898113, 71.32965045522437],
              [-88.61668616686161, 71.23663007108206],
              [-88.06588065880653, 71.21230166292179],
              [-87.8174781747817, 71.25809631357643],
              [-87.74907749077485, 71.14074752127385],
              [-87.28107281072805, 71.0090879006417],
              [-87.36027360273597, 70.94898242165743],
              [-88.32508325083245, 70.95900000148816],
              [-88.64188641886413, 71.05488255129637],
              [-89.12789127891273, 71.03198522596904],
              [-89.55629556295557, 71.09352178778624],
              [-89.20709207092065, 70.94182700749266],
              [-89.44829448294477, 70.90748101950166],
              [-88.69228692286917, 70.46527642411752],
              [-88.1414814148141, 70.39658444813554],
              [-87.87867878678782, 70.31787489232283],
              [-88.26388263882633, 70.3321857206524],
              [-87.8534785347853, 70.23773425367716],
              [-87.78147781477809, 70.3321857206524],
              [-87.00387003870033, 70.28352890433183],
              [-86.97506975069746, 70.35365196314677],
              [-87.24867248672481, 70.39372228246961],
              [-87.03267032670321, 70.46813858978345],
              [-86.85986859868594, 70.3250303064876],
              [-86.56466564665641, 70.35508304597974],
              [-86.55026550265497, 70.2363031708442],
              [-86.2694626946269, 70.11323004720978],
              [-85.78345783457829, 69.9958812549072],
              [-85.25425254252536, 69.9887258407424],
              [-85.80145801458009, 70.10035030171315],
              [-85.36945369453689, 70.10893679871091],
              [-84.69624696246957, 70.0058988347379],
              [-83.67383673836733, 69.94579335575366],
              [-83.05103051030505, 70.01019208323677],
              [-82.44262442624421, 69.84418647461362],
              [-82.14382143821433, 69.82558239778515],
              [-81.71181711817113, 69.93434469309],
              [-82.24462244622441, 70.11323004720978],
              [-82.8134281342813, 70.20911259701799],
              [-82.84582845828453, 70.25776941333856],
              [-82.11862118621181, 70.11752329570865],
              [-81.75141751417509, 69.97298392957987],
              [-81.60021600215997, 69.97727717807874],
              [-80.930609306093, 69.71538901964738],
              [-80.77940779407788, 69.75545933897018],
              [-81.19341193411928, 70.00017450340607],
              [-81.44541445414448, 70.00446775190494],
              [-81.76221762217617, 70.12324762704048],
              [-81.07101071010705, 70.09891921888018],
              [-80.36540365403648, 69.99445017207424],
              [-79.90459904599041, 69.98300150941057],
              [-79.68139681396809, 69.84847972311249],
              [-78.88938889388889, 69.89427437376716],
              [-78.66618666186656, 70.01448533173564],
              [-78.76698766987664, 70.19193960302249],
              [-78.97218972189717, 70.3250303064876],
              [-79.56619566195657, 70.39086011680371],
              [-79.42579425794253, 70.49246699794375],
              [-79.15939159391588, 70.44381018162315],
              [-79.08019080190796, 70.5382616485984],
              [-78.8965889658896, 70.41661960779695],
              [-78.74538745387449, 70.45668992711978],
              [-78.38898388983884, 70.21626801118279],
              [-77.89217892178917, 70.2634937446704],
              [-77.68337683376829, 70.18335310602473],
              [-77.68337683376829, 69.82558239778515],
              [-77.49257492574921, 69.86279055144206],
              [-76.88776887768873, 69.80125398962485],
              [-76.83376833768332, 69.69535385998594],
              [-77.20457204572041, 69.64669704366537],
              [-76.6285662856628, 69.54652124535829],
              [-76.39096390963904, 69.40484404489541],
              [-76.21816218162176, 69.41772379039205],
              [-75.68895688956884, 69.28749525259283],
              [-75.62055620556201, 69.08857473881162],
              [-75.99135991359908, 69.01129626583187],
              [-76.42336423364229, 69.05995308215245],
              [-76.63936639366389, 69.01558951433074],
              [-76.53496534965345, 68.88106772803266],
              [-76.62496624966245, 68.68214721425144],
              [-76.32616326163256, 68.69788912541398],
              [-75.60615606156057, 68.88536097653153],
              [-75.48735487354868, 69.02274492849554],
              [-75.13815138151377, 68.88822314219746],
              [-75.05175051750513, 69.00986518299891],
              [-74.6665466654666, 69.04707333665581],
              [-75.00135001350009, 68.92829346152027],
              [-74.6845468454684, 68.8796366451997],
              [-74.95814958149576, 68.81094466921769],
              [-74.71694716947164, 68.77373651556078],
              [-74.5225452254522, 68.61059307260354],
              [-74.22014220142196, 68.51614160562828],
              [-73.88533885338849, 68.55478084211816],
              [-74.18774187741873, 68.72937294773908],
              [-73.70893708937085, 68.66068097175707],
              [-73.730537305373, 68.54047001378856],
              [-73.94653946539461, 68.41310364165528],
              [-73.72693726937264, 68.31435892618116],
              [-72.99612996129956, 68.23564937036845],
              [-72.94572945729452, 67.93225980978129],
              [-72.61812618126176, 67.79487585781729],
              [-72.67212672126716, 67.70328655650795],
              [-72.4345243452434, 67.53155661655295],
              [-72.36972369723692, 67.33120501993879],
              [-72.19332193321928, 67.2753927894534],
              [-72.35172351723513, 67.11940476066096],
              [-72.80172801728013, 67.04355737051416],
              [-73.00693006930064, 66.77880704641687],
              [-72.94932949329488, 66.73444347859517]
            ]
          ],
          [
            [
              [-64.51804518045175, 60.31889913844297],
              [-64.42084420844203, 60.39760869425568],
              [-64.640446404464, 60.492060161230924],
              [-64.86004860048595, 60.46486958740472],
              [-64.51804518045175, 60.31889913844297]
            ]
          ],
          [
            [
              [-67.880478804788, 60.49635340972981],
              [-67.99927999279988, 60.58651162820618],
              [-68.240482404824, 60.585080545373216],
              [-68.4384843848438, 60.25879365945872],
              [-68.31968319683192, 60.19725709764151],
              [-67.97407974079736, 60.290277481783804],
              [-67.880478804788, 60.49635340972981]
            ]
          ],
          [
            [
              [-78.24498244982445, 60.835520041140924],
              [-78.69138691386908, 60.72103341450426],
              [-78.33498334983345, 60.75824156816118],
              [-78.24498244982445, 60.835520041140924]
            ]
          ],
          [
            [
              [-64.84204842048416, 61.35214094383889],
              [-64.6764467644676, 61.50812897263134],
              [-64.71604716047156, 61.664117001423804],
              [-65.04725047250467, 61.69703190658184],
              [-65.42885428854284, 61.66268591859084],
              [-65.48645486454859, 61.59971827394068],
              [-64.84204842048416, 61.35214094383889]
            ]
          ],
          [
            [
              [-65.24165241652412, 61.920280828523346],
              [-65.14805148051475, 61.7843279593923],
              [-64.90324903249028, 61.72708464607396],
              [-64.8924489244892, 61.83298477571289],
              [-65.24165241652412, 61.920280828523346]
            ]
          ],
          [
            [
              [-79.28179281792812, 62.26946503976518],
              [-79.55899558995584, 62.419728737225796],
              [-79.83259832598321, 62.411142240228045],
              [-80.21420214202136, 62.137805419133],
              [-80.28620286202857, 61.93029840835405],
              [-80.18180181801813, 61.7743103795616],
              [-79.74979749797492, 61.5854074456111],
              [-79.32499324993245, 61.98897280450534],
              [-79.28179281792812, 62.26946503976518]
            ]
          ],
          [
            [
              [-64.38124381243807, 62.52705994969767],
              [-64.75564755647552, 62.56713026902051],
              [-64.92124921249207, 62.419728737225796],
              [-64.59364593645931, 62.36964083807226],
              [-64.38124381243807, 62.52705994969767]
            ]
          ],
          [
            [
              [-74.01494014940144, 62.670168232993504],
              [-74.65214652146517, 62.71882504931409],
              [-74.37494374943745, 62.63439116216955],
              [-73.9645396453964, 62.61006275400926],
              [-74.01494014940144, 62.670168232993504]
            ]
          ],
          [
            [
              [-70.24210242102416, 62.6157870853411],
              [-70.49410494104936, 62.76748186563468],
              [-71.20691206912065, 62.889123906436126],
              [-70.7785077850778, 62.75030887163918],
              [-70.92610926109256, 62.746015623140295],
              [-70.73890738907384, 62.55711268918979],
              [-70.36090360903604, 62.52705994969767],
              [-70.24210242102416, 62.6157870853411]
            ]
          ],
          [
            [
              [-82.19062190621901, 62.9864375390773],
              [-82.42102421024205, 62.92776314292601],
              [-82.73782737827374, 62.93778072275671],
              [-83.11943119431189, 62.84762250428034],
              [-83.29583295832953, 62.93062530859193],
              [-83.51903519035184, 62.82615626178597],
              [-83.55143551435509, 62.700220972485624],
              [-83.90783907839074, 62.49128287887372],
              [-83.67383673836733, 62.1449608332978],
              [-83.28143281432808, 62.25229204576968],
              [-83.13383133831333, 62.17644465562289],
              [-82.74502745027445, 62.31096644192097],
              [-82.29502295022945, 62.58573434584896],
              [-81.92781927819273, 62.72884262914479],
              [-81.86301863018625, 62.924900977260094],
              [-82.19062190621901, 62.9864375390773]
            ]
          ],
          [
            [
              [-77.53937539375389, 63.2883960168315],
              [-77.68337683376829, 63.43865971429213],
              [-78.18738187381868, 63.49304086194455],
              [-78.53298532985325, 63.39000289797154],
              [-77.93897938979384, 63.08661333738438],
              [-77.56097560975604, 63.185358052858504],
              [-77.53937539375389, 63.2883960168315]
            ]
          ],
          [
            [
              [-64.08604086040856, 63.335621750319135],
              [-64.29124291242907, 63.43865971429213],
              [-64.32724327243268, 63.64473564223813],
              [-64.4964449644496, 63.61611398557896],
              [-64.25884258842584, 63.327035253321384],
              [-64.08604086040856, 63.335621750319135]
            ]
          ],
          [
            [
              [-76.68976689766893, 63.48588544777975],
              [-76.70776707767072, 63.567457169258375],
              [-77.12177121771212, 63.68480596156097],
              [-77.39537395373948, 63.69339245855872],
              [-77.41697416974165, 63.59035449458571],
              [-76.98136981369808, 63.40717589196704],
              [-76.70056700567001, 63.36996773831012],
              [-76.68976689766893, 63.48588544777975]
            ]
          ],
          [
            [
              [-64.88884888848884, 63.79499933969875],
              [-64.61164611646112, 63.78784392553396],
              [-64.730447304473, 63.902330552170625],
              [-64.88884888848884, 63.79499933969875]
            ]
          ],
          [
            [
              [-77.97497974979744, 63.9652981968208],
              [-77.70857708577081, 63.94240087149346],
              [-77.59697596975964, 64.04114558696759],
              [-77.97497974979744, 63.9652981968208]
            ]
          ],
          [
            [
              [-73.52893528935284, 64.50338534201313],
              [-73.68373683736833, 64.5248515845075],
              [-73.65493654936544, 64.32306890506038],
              [-73.52893528935284, 64.50338534201313]
            ]
          ],
          [
            [
              [-65.54765547655472, 64.54774890983484],
              [-65.22725227252268, 64.62502738281458],
              [-65.29205292052916, 64.73951400945126],
              [-65.68805688056875, 64.54774890983484],
              [-65.54765547655472, 64.54774890983484]
            ]
          ],
          [
            [
              [-62.25722257222567, 65.74842740668687],
              [-62.46962469624691, 65.6654246023753],
              [-62.12762127621272, 65.67973543070488],
              [-62.25722257222567, 65.74842740668687]
            ]
          ],
          [
            [
              [-80.18180181801813, 63.767808765872545],
              [-80.6426064260642, 63.88229539250921],
              [-80.52020520205197, 63.969591445319665],
              [-80.88740887408869, 64.12271730844621],
              [-80.90540905409048, 64.01109284747547],
              [-81.37341373413729, 64.07406049212562],
              [-81.99981999819992, 64.01109284747547],
              [-81.62541625416249, 64.12414839127916],
              [-81.77301773017724, 64.51197183901088],
              [-82.36702367023665, 64.76813566611042],
              [-82.71622716227157, 64.78101541160704],
              [-82.88542885428849, 64.87976012708117],
              [-83.20943209432089, 64.94702102023021],
              [-83.3966339663396, 65.13592395418071],
              [-84.0986409864098, 65.20890917866159],
              [-84.15264152641521, 65.331982302296],
              [-84.57744577445769, 65.48940141392141],
              [-84.8474484744847, 65.21320242716045],
              [-85.07785077850772, 65.45648650876338],
              [-85.3154531545315, 65.54092039590792],
              [-85.0526505265052, 65.61390562038879],
              [-85.20025200251997, 65.80996396850408],
              [-85.48825488254877, 65.79708422300746],
              [-85.48825488254877, 65.92445059514075],
              [-85.93825938259377, 65.76273823501646],
              [-86.17226172261716, 65.28618765164133],
              [-86.15786157861574, 64.93986560606542],
              [-86.42066420664202, 64.59640572615542],
              [-86.36306363063625, 64.3087580767308],
              [-86.19386193861934, 64.10411323161776],
              [-86.89586895868953, 63.930952208829794],
              [-87.17667176671762, 63.730600612215625],
              [-87.17667176671762, 63.58463016325388],
              [-86.86706867068665, 63.56173283792654],
              [-86.66186661866614, 63.65761538773475],
              [-86.28386283862834, 63.64616672507108],
              [-85.79425794257938, 63.71342761822012],
              [-85.58905589055885, 63.613251819913046],
              [-85.63585635856353, 63.24260136617684],
              [-85.50985509855093, 63.12954582237313],
              [-85.27225272252717, 63.1238214910413],
              [-84.59184591845913, 63.315586590657716],
              [-84.28584285842852, 63.626131565409665],
              [-84.0626406264062, 63.62040723407783],
              [-83.78543785437849, 63.767808765872545],
              [-83.64863648636481, 63.76494660020663],
              [-83.6846368463684, 64.01395501314138],
              [-83.54063540635401, 64.11126864578254],
              [-83.20223202232017, 64.12271730844621],
              [-83.01503015030146, 64.19140928442822],
              [-83.13743137431369, 64.00679959897658],
              [-83.05823058230577, 63.95384953415713],
              [-82.53262532625321, 63.97245361098558],
              [-82.35622356223557, 63.85367373585005],
              [-82.51822518225177, 63.796430422531714],
              [-82.48222482224817, 63.68480596156097],
              [-82.07542075420749, 63.691961375725754],
              [-81.020610206102, 63.4501083769558],
              [-80.46620466204656, 63.72773844654971],
              [-80.18180181801813, 63.767808765872545]
            ]
          ],
          [
            [
              [-85.00225002250016, 66.00745339945233],
              [-85.18585185851853, 65.94734792046808],
              [-85.11385113851134, 65.76273823501646],
              [-84.71424714247136, 65.5552312242375],
              [-84.57384573845734, 65.63537186288316],
              [-84.71424714247136, 65.83572345949733],
              [-85.00225002250016, 66.00745339945233]
            ]
          ],
          [
            [
              [-84.47304473044726, 66.09045620376392],
              [-84.19584195841954, 65.97167632862838],
              [-84.14184141841413, 65.76703148351534],
              [-83.6846368463684, 65.74842740668687],
              [-83.76023760237597, 65.67258001654008],
              [-83.36783367833672, 65.61819886888766],
              [-83.21303213032125, 65.70549492169812],
              [-83.53703537035365, 65.71694358436179],
              [-83.80343803438029, 65.82284371400071],
              [-83.69183691836913, 65.9258816779737],
              [-84.06984069840694, 66.0632656299377],
              [-84.47304473044726, 66.09045620376392]
            ]
          ],
          [
            [
              [-83.27423274232737, 66.30941187720654],
              [-83.00783007830073, 66.19921849906875],
              [-82.90342903429028, 66.26791047505075],
              [-83.27423274232737, 66.30941187720654]
            ]
          ],
          [
            [
              [-62.40842408424079, 67.18666565381],
              [-62.901629016290116, 67.06359253017558],
              [-62.80802808028075, 67.02066004518683],
              [-62.40842408424079, 67.18666565381]
            ]
          ],
          [
            [
              [-63.7584375843758, 67.5229701195552],
              [-63.956439564395595, 67.65462974018737],
              [-64.03924039240388, 67.53012553372],
              [-63.7584375843758, 67.5229701195552]
            ]
          ],
          [
            [
              [-73.35973359733592, 67.83780834280604],
              [-73.52173521735212, 68.00953828276104],
              [-73.8025380253802, 67.99808962009737],
              [-74.27774277742772, 68.07823025874303],
              [-74.7565475654756, 68.06391943041345],
              [-74.64134641346408, 67.8564124196345],
              [-74.40374403744032, 67.77913394665474],
              [-73.41013410134096, 67.77627178098882],
              [-73.35973359733592, 67.83780834280604]
            ]
          ],
          [
            [
              [-66.2964629646296, 68.26999535835945],
              [-66.65286652866524, 68.19844121671153],
              [-66.27126271262708, 68.16123306305462],
              [-66.2964629646296, 68.26999535835945]
            ]
          ],
          [
            [
              [-86.57546575465749, 68.29003051802087],
              [-86.68706687066866, 68.31006567768229],
              [-86.98586985869854, 68.06678159607937],
              [-86.83826838268376, 67.79201369215137],
              [-86.59706597065966, 67.72761496466825],
              [-86.41346413464129, 67.84496375697083],
              [-86.40626406264057, 68.20845879654225],
              [-86.57546575465749, 68.29003051802087]
            ]
          ],
          [
            [
              [-75.03375033750332, 68.17268172571829],
              [-75.13815138151377, 68.23564937036845],
              [-75.91215912159116, 68.34441166567328],
              [-76.29736297362969, 68.33439408584258],
              [-76.68976689766893, 68.26283994419465],
              [-77.21177211772113, 67.87072324796408],
              [-77.32337323373228, 67.70757980500683],
              [-77.17937179371789, 67.42565648691404],
              [-76.98136981369808, 67.24390896712833],
              [-76.63216632166316, 67.22816705596578],
              [-75.890558905589, 67.25821979545792],
              [-75.39015390153897, 67.35696451093203],
              [-75.06615066150657, 67.55302285904733],
              [-75.0445504455044, 67.81634210031166],
              [-75.15975159751592, 67.95372605227566],
              [-75.03375033750332, 68.17268172571829]
            ]
          ],
          [
            [
              [-78.90738907389068, 68.32437650601187],
              [-79.14499144991444, 68.3472738313392],
              [-79.04419044190436, 68.16552631155349],
              [-78.81018810188097, 68.28430618668904],
              [-78.90738907389068, 68.32437650601187]
            ]
          ],
          [
            [
              [-74.36774367743672, 68.388775233495],
              [-74.15534155341548, 68.25568453002987],
              [-74.08334083340829, 68.34298058284033],
              [-74.29934299342989, 68.46462262364179],
              [-74.36774367743672, 68.388775233495]
            ]
          ],
          [
            [
              [-78.61578615786152, 68.50612402579758],
              [-78.4645846458464, 68.61917956960127],
              [-78.69138691386908, 68.59914440993987],
              [-78.97218972189717, 68.47464020347249],
              [-78.61578615786152, 68.50612402579758]
            ]
          ],
          [
            [
              [-74.8465484654846, 68.57910925027846],
              [-74.53694536945365, 68.55478084211816],
              [-74.7925479254792, 68.67499180008667],
              [-74.8465484654846, 68.57910925027846]
            ]
          ],
          [
            [
              [-74.83934839348389, 68.42025905582008],
              [-74.7745477454774, 68.48608886613616],
              [-74.99054990549901, 68.66926746875484],
              [-75.23895238952385, 68.72507969924021],
              [-75.41175411754112, 68.52329701979308],
              [-74.810548105481, 68.32437650601187],
              [-74.83934839348389, 68.42025905582008]
            ]
          ],
          [
            [
              [-68.0064800648006, 68.77087434989485],
              [-68.41688416884163, 68.81810008338249],
              [-67.91287912879123, 68.71076887091061],
              [-68.0064800648006, 68.77087434989485]
            ]
          ],
          [
            [
              [-90.49590495904954, 69.24313168477113],
              [-90.65790657906574, 69.38194671956808],
              [-90.69030690306897, 69.27175334143027],
              [-90.49590495904954, 69.24313168477113]
            ]
          ],
          [
            [
              [-79.08019080190796, 68.8796366451997],
              [-78.87138871388709, 68.90253397052703],
              [-78.55098550985505, 69.10288556714119],
              [-78.45738457384569, 69.22882085644153],
              [-78.2125821258212, 69.30323716375537],
              [-78.31338313383128, 69.38767105089991],
              [-78.60858608586081, 69.37336022257031],
              [-78.97578975789753, 69.10431664997415],
              [-79.20259202592021, 69.08428149031275],
              [-79.42219422194216, 68.92686237868733],
              [-79.22779227792273, 68.83097982887912],
              [-79.08019080190796, 68.8796366451997]
            ]
          ],
          [
            [
              [-90.25110251102505, 69.29751283242354],
              [-90.20790207902074, 69.43489678438752],
              [-90.48870488704881, 69.38051563673511],
              [-90.32670326703261, 69.23883843627223],
              [-90.25110251102505, 69.29751283242354]
            ]
          ],
          [
            [
              [-76.69336693366928, 69.41056837622725],
              [-77.11457114571141, 69.44777652988415],
              [-77.32697326973265, 69.41772379039205],
              [-77.38817388173877, 69.26602901009844],
              [-77.26577265772653, 69.14724913496292],
              [-76.92016920169196, 69.12721397530149],
              [-76.94536945369448, 69.20735461394716],
              [-76.67536675366749, 69.31039257792017],
              [-76.69336693366928, 69.41056837622725]
            ]
          ],
          [
            [
              [-67.90927909279088, 69.53364149986166],
              [-67.72927729277288, 69.65814570632904],
              [-67.880478804788, 69.71109577114848],
              [-68.30888308883084, 69.59231589601293],
              [-67.90927909279088, 69.53364149986166]
            ]
          ],
          [
            [
              [-78.39618396183957, 69.64669704366537],
              [-78.56538565385648, 69.64669704366537],
              [-78.85338853388528, 69.50358876036952],
              [-78.5185851858518, 69.48498468354109],
              [-77.94257942579421, 69.64669704366537],
              [-78.140581405814, 69.74973500763838],
              [-78.39618396183957, 69.64669704366537]
            ]
          ],
          [
            [
              [-79.96939969399689, 69.63381729816874],
              [-79.53379533795332, 69.63381729816874],
              [-79.32859328593281, 69.70823360548258],
              [-79.67419674196736, 69.81985806645332],
              [-79.97299972999724, 69.73113093080991],
              [-80.23220232202317, 69.80411615529079],
              [-80.50220502205016, 69.78694316129528],
              [-80.42300423004225, 69.70250927415074],
              [-80.71820718207177, 69.75545933897018],
              [-80.76140761407609, 69.66816328615974],
              [-80.49860498604981, 69.66816328615974],
              [-80.33300333003325, 69.55796990802196],
              [-79.93699936999364, 69.53650366552756],
              [-79.96939969399689, 69.63381729816874]
            ]
          ],
          [
            [
              [-83.83583835838353, 69.74973500763838],
              [-83.52623526235257, 69.79123640979415],
              [-83.85383853838533, 69.83130672911699],
              [-83.83583835838353, 69.74973500763838]
            ]
          ],
          [
            [
              [-87.08307083070825, 69.9887258407424],
              [-86.46026460264598, 70.01734749740157],
              [-86.65106651066505, 70.12038546137458],
              [-87.37827378273778, 70.10607463304498],
              [-87.08307083070825, 69.9887258407424]
            ]
          ],
          [
            [
              [-71.50931509315087, 71.01767439763944],
              [-72.01332013320128, 71.05202038563044],
              [-72.22932229322288, 70.93467159332786],
              [-72.11772117721172, 70.82590929802302],
              [-71.43731437314368, 70.91034318516756],
              [-71.50931509315087, 71.01767439763944]
            ]
          ],
          [
            [
              [-96.91836918369178, 72.73783596285537],
              [-96.65196651966514, 72.77933736501114],
              [-96.75996759967593, 72.89668615731372],
              [-97.0155701557015, 72.77933736501114],
              [-96.91836918369178, 72.73783596285537]
            ]
          ],
          [
            [
              [-97.07317073170726, 73.13853915608368],
              [-97.10197101971013, 72.99256870712193],
              [-96.93276932769322, 72.92387673113993],
              [-96.6555665556655, 72.96394705046276],
              [-96.65196651966514, 73.14140132174961],
              [-96.90396903969034, 73.19005813807019],
              [-97.07317073170726, 73.13853915608368]
            ]
          ],
          [
            [
              [-108.08928089280887, 73.59076133129852],
              [-107.62847628476278, 73.57358833730302],
              [-107.67527675276746, 73.62510731928953],
              [-108.08928089280887, 73.59076133129852]
            ]
          ],
          [
            [
              [-104.68004680046795, 73.6294005677884],
              [-105.16605166051654, 73.75676693992168],
              [-106.59886598865982, 73.71097228926703],
              [-107.03807038070374, 73.48486120165961],
              [-106.50886508865082, 73.41473814284464],
              [-106.04446044460438, 73.22440412606119],
              [-105.29925299252986, 72.85375367232498],
              [-104.98244982449819, 73.0355011921107],
              [-104.57204572045714, 73.33173533853306],
              [-104.50004500044994, 73.56786400597119],
              [-104.68004680046795, 73.6294005677884]
            ]
          ],
          [
            [
              [-80.90180901809013, 73.60793432529402],
              [-80.77220772207717, 73.2787852737136],
              [-80.16380163801632, 73.23299062305895],
              [-80.1746017460174, 73.0455187719414],
              [-79.94779947799472, 72.84802934099315],
              [-79.56979569795693, 72.75930220534974],
              [-79.17379173791733, 72.75500895685084],
              [-78.64098640986404, 72.85232258949202],
              [-78.16938169381689, 72.89811724014669],
              [-76.31896318963184, 72.81654551866808],
              [-76.05976059760593, 72.90097940581262],
              [-76.26496264962644, 72.94391189080136],
              [-76.24336243362428, 73.09274450542901],
              [-76.63576635766353, 73.17002297840878],
              [-76.70056700567001, 73.30597584753983],
              [-77.03897038970385, 73.35892591235927],
              [-77.21177211772113, 73.51062069265285],
              [-78.13698136981364, 73.66947088711123],
              [-79.45099450994505, 73.63512489912023],
              [-80.44460444604441, 73.77393993391718],
              [-80.86220862208617, 73.75104260858984],
              [-80.90180901809013, 73.60793432529402]
            ]
          ],
          [
            [
              [-96.32076320763201, 72.46736130742624],
              [-96.61596615966154, 72.75214679118494],
              [-97.0695706957069, 72.61476283922093],
              [-97.02997029970294, 72.72352513452577],
              [-97.2675726757267, 72.85375367232498],
              [-97.25677256772562, 72.96251596762983],
              [-97.65997659976594, 73.03693227494364],
              [-97.98397983979834, 73.04408768910844],
              [-98.3835838358383, 72.91242806847626],
              [-98.3475834758347, 73.04408768910844],
              [-97.73197731977314, 73.30597584753983],
              [-97.14877148771482, 73.39470298318324],
              [-97.43317433174326, 73.53208693514722],
              [-96.99396993969934, 73.62653840212249],
              [-96.95796957969574, 73.73673178026027],
              [-97.26037260372598, 73.86123598672765],
              [-97.90477904779041, 73.90273738888345],
              [-98.0955809558095, 73.81830350173891],
              [-99.21879218792182, 73.73959394592617],
              [-99.70119701197007, 73.84835624123102],
              [-99.80199801998015, 73.93708337687443],
              [-100.21240212402118, 73.91991038287892],
              [-100.02880028800283, 73.76535343691944],
              [-100.41400414004134, 73.84406299273215],
              [-100.8856088560885, 73.83261433006848],
              [-101.04761047610471, 73.68235063260786],
              [-100.55080550805502, 73.60077891112923],
              [-100.69480694806943, 73.47770578749481],
              [-100.91800918009174, 73.60364107679516],
              [-101.23121231212306, 73.60650324246106],
              [-101.62721627216266, 73.49201661582438],
              [-101.28881288812882, 73.36035699519223],
              [-100.85680856808563, 73.26304336255106],
              [-100.33840338403378, 73.32601100720123],
              [-100.61200612006114, 73.14855673591441],
              [-100.45720457204565, 73.08558909126424],
              [-100.22680226802262, 73.13424590758481],
              [-100.05040050400498, 72.96394705046276],
              [-100.42120421204206, 72.87521991481935],
              [-100.45000450004494, 72.73783596285537],
              [-100.85680856808563, 72.75787112251678],
              [-100.87480874808742, 72.69633456069957],
              [-101.29601296012954, 72.7192318860269],
              [-101.53721537215367, 72.88809966031599],
              [-102.04482044820442, 73.0798647599324],
              [-102.48402484024834, 73.04122552344253],
              [-102.75762757627571, 72.81225227016918],
              [-102.6136261362613, 72.66198857270857],
              [-101.96561965619651, 72.49741404691835],
              [-101.83961839618391, 72.32711518979633],
              [-101.44721447214467, 72.24268130265179],
              [-101.2276122761227, 72.33570168679407],
              [-100.95040950409498, 72.17828257516865],
              [-100.63720637206366, 72.18686907216639],
              [-100.03600036000354, 71.86773760041669],
              [-99.86319863198626, 71.85915110341895],
              [-99.41319413194125, 71.54574396300106],
              [-99.23679236792363, 71.34968561488577],
              [-98.94518945189446, 71.37401402304607],
              [-98.71838718387178, 71.27097605907306],
              [-98.21438214382138, 71.40979109387004],
              [-98.0415804158041, 71.53143313467149],
              [-98.49878498784982, 71.7231982342879],
              [-98.2935829358293, 71.90208358840769],
              [-98.35838358383577, 71.73464689695157],
              [-98.2215822158221, 71.65879950680477],
              [-97.46197461974614, 71.617298104649],
              [-97.08397083970834, 71.70316307462647],
              [-96.96156961569609, 71.80620103859948],
              [-96.55836558365579, 71.83911594375752],
              [-96.55476554765542, 72.26414754514616],
              [-96.66276662766622, 72.31852869279857],
              [-96.32076320763201, 72.46736130742624]
            ]
          ],
          [
            [
              [-99.2475924759247, 73.85551165539582],
              [-98.95238952389518, 73.80685483907524],
              [-98.14238142381419, 73.87840898072315],
              [-97.64197641976413, 74.0716051631725],
              [-97.72477724777242, 74.12169306232607],
              [-98.75078750787502, 74.03296592668264],
              [-99.44199441994414, 73.90846172021526],
              [-99.2475924759247, 73.85551165539582]
            ]
          ],
          [
            [
              [-90.29070290702902, 73.92277254854486],
              [-90.99270992709921, 74.00577535285643],
              [-91.57231572315717, 74.03296592668264],
              [-92.27072270722701, 73.99146452452686],
              [-92.79992799927993, 74.13171064215678],
              [-93.2715327153271, 74.17750529281145],
              [-93.66753667536669, 74.17321204431255],
              [-93.7575375753757, 74.07732949450434],
              [-93.91953919539189, 74.14029713915451],
              [-94.72234722347218, 74.10165790266464],
              [-95.24795247952474, 74.0100686013553],
              [-95.31635316353157, 73.89128872621978],
              [-94.84114841148406, 73.6909371296056],
              [-95.02115021150206, 73.6709019699442],
              [-95.24435244352438, 73.7596291055876],
              [-95.66195661956614, 73.73100744892844],
              [-95.72675726757262, 73.64084923045206],
              [-95.60075600756002, 73.3889786518514],
              [-95.58275582755822, 73.16286756424398],
              [-95.7195571955719, 73.0111727839504],
              [-95.66915669156685, 72.80223469033848],
              [-95.1975519755197, 72.52317353791162],
              [-95.21195211952114, 72.19688665199712],
              [-95.07875078750781, 72.12962575884808],
              [-95.1435514355143, 71.96648231589083],
              [-94.75114751147505, 72.0151391322114],
              [-94.12834128341278, 72.0251567120421],
              [-93.8115381153811, 72.31566652713266],
              [-93.46593465934653, 72.46306805892735],
              [-93.87633876338758, 72.7092143061962],
              [-94.15714157141565, 72.77075086801341],
              [-93.40473404734041, 72.79364819334074],
              [-92.38592385923853, 72.7092143061962],
              [-91.85671856718561, 72.84802934099315],
              [-91.37791377913773, 73.21295546339752],
              [-90.92070920709202, 73.49774094715622],
              [-90.37350373503729, 73.79254401074564],
              [-90.29070290702902, 73.92277254854486]
            ]
          ],
          [
            [
              [-97.7355773557735, 74.47087727356791],
              [-97.3755737557375, 74.51237867572368],
              [-97.26037260372598, 74.59824364570119],
              [-97.5015750157501, 74.62257205386149],
              [-97.7355773557735, 74.47087727356791]
            ]
          ],
          [
            [
              [-95.36315363153626, 74.59108823153639],
              [-95.56475564755642, 74.6426072135229],
              [-95.87075870758702, 74.58107065170569],
              [-95.34875348753482, 74.49520568172818],
              [-95.36315363153626, 74.59108823153639]
            ]
          ],
          [
            [
              [-103.6396363963639, 75.19929843554368],
              [-103.8196381963819, 75.3667351269998],
              [-104.40284402844023, 75.4325649373159],
              [-104.67644676446758, 75.3466999673384],
              [-104.90684906849063, 75.1234510453969],
              [-104.23004230042294, 75.01898199859093],
              [-103.86643866438658, 75.0647766492456],
              [-103.6396363963639, 75.19929843554368]
            ]
          ],
          [
            [
              [-93.43713437134366, 74.94456569127709],
              [-93.5235352353523, 75.03901715825236],
              [-93.49833498334978, 75.26799041152569],
              [-94.39474394743942, 75.60429487727089],
              [-94.89874898748982, 75.64436519659372],
              [-95.7915579155791, 75.50125691329788],
              [-95.67995679956793, 75.41396086048744],
              [-95.92115921159206, 75.38963245232713],
              [-96.46836468364678, 75.19500518704481],
              [-96.61596615966154, 74.99179142476473],
              [-96.3495634956349, 75.00896441876023],
              [-96.23076230762302, 74.91451295178499],
              [-95.89595895958954, 74.82578581614155],
              [-95.3055530555305, 74.80575065648014],
              [-95.08955089550889, 74.68983294701053],
              [-94.72594725947253, 74.63115855085923],
              [-93.60633606336057, 74.65405587618656],
              [-93.45873458734582, 74.7184546036697],
              [-93.43713437134366, 74.94456569127709]
            ]
          ],
          [
            [
              [-96.57636576365758, 75.43828926864774],
              [-96.51516515165146, 75.54991372961848],
              [-96.2055620556205, 75.45832442830914],
              [-95.91035910359098, 75.56136239228215],
              [-96.37476374763742, 75.66010710775626],
              [-96.41796417964174, 75.59427729744019],
              [-97.05517055170546, 75.49982583046494],
              [-96.8715687156871, 75.3567175471691],
              [-96.57636576365758, 75.43828926864774]
            ]
          ],
          [
            [
              [-102.87282872828722, 75.76600723739517],
              [-102.50562505625051, 75.79892214255324],
              [-102.39042390423899, 75.89051144386255],
              [-101.98001980019794, 75.95204800567976],
              [-102.21402214022135, 75.9921183250026],
              [-103.04563045630451, 75.90625335502509],
              [-103.32643326433258, 75.75026532623264],
              [-102.87282872828722, 75.76600723739517]
            ]
          ],
          [
            [
              [-94.48474484744841, 75.97780749667302],
              [-94.9095490954909, 75.93773717735019],
              [-94.6575465754657, 75.74597207773377],
              [-94.3155431554315, 75.76457615456223],
              [-94.48474484744841, 75.97780749667302]
            ]
          ],
          [
            [
              [-102.57042570425698, 75.9921183250026],
              [-102.44442444424438, 76.08943195764377],
              [-103.31923319233186, 76.02217106449473],
              [-103.97443974439739, 75.94489259151499],
              [-103.69003690036894, 75.88908036102961],
              [-102.57042570425698, 75.9921183250026]
            ]
          ],
          [
            [
              [-78.8965889658896, 76.1223468628018],
              [-79.06939069390688, 76.12520902846774],
              [-79.7245972459724, 75.86188978720338],
              [-79.42579425794253, 75.7960599768873],
              [-79.27819278192777, 75.87620061553298],
              [-78.87498874988745, 75.85616545587155],
              [-79.14499144991444, 75.98066966233893],
              [-78.86058860588601, 76.04793055548797],
              [-78.8965889658896, 76.1223468628018]
            ]
          ],
          [
            [
              [-103.81243812438119, 76.0336197271584],
              [-102.83682836828362, 76.080845460646],
              [-102.53082530825303, 76.15669285079281],
              [-102.72522725227246, 76.31554304525119],
              [-104.31284312843123, 76.21250508127818],
              [-104.36684366843663, 76.07655221214713],
              [-103.81243812438119, 76.0336197271584]
            ]
          ],
          [
            [
              [-104.39924399243986, 76.46866890837774],
              [-104.37764377643771, 76.32556062508189],
              [-103.33723337233366, 76.33128495641373],
              [-103.07083070830703, 76.46437565987884],
              [-103.57843578435778, 76.52734330452901],
              [-103.55683556835562, 76.56741362385185],
              [-104.02484024840243, 76.67045158782486],
              [-104.65124651246506, 76.60175961184285],
              [-104.39924399243986, 76.46866890837774]
            ]
          ],
          [
            [
              [-97.42597425974255, 75.51986099012635],
              [-97.37917379173786, 75.6801422674177],
              [-97.94077940779403, 75.74597207773377],
              [-97.56997569975694, 75.86475195286931],
              [-97.65277652776521, 75.95204800567976],
              [-97.5015750157501, 76.15669285079281],
              [-97.7895778957789, 76.32269845941596],
              [-97.6635766357663, 76.48584190237321],
              [-98.36918369183687, 76.57027578951775],
              [-98.42318423184226, 76.62608802000315],
              [-98.9055890558905, 76.62465693717019],
              [-99.05679056790562, 76.54022305002565],
              [-98.85518855188546, 76.4658067427118],
              [-99.1395913959139, 76.45435808004814],
              [-99.63999639996393, 76.63753668266682],
              [-100.27000270002694, 76.64898534533046],
              [-100.98640986409858, 76.50587706203464],
              [-100.67680676806762, 76.38137285556726],
              [-100.32040320403198, 76.38852826973206],
              [-100.0216002160021, 76.30838763108639],
              [-100.44280442804423, 76.28405922292609],
              [-100.47880478804782, 76.23397132377255],
              [-99.99279992799922, 76.20534966711338],
              [-99.68319683196826, 76.12377794563477],
              [-100.2196021960219, 76.1366576911314],
              [-99.81999819998194, 75.95061692284682],
              [-100.15120151201506, 75.91627093485582],
              [-100.35280352803522, 76.06510354948347],
              [-100.62640626406258, 76.080845460646],
              [-100.71640716407158, 76.17386584478831],
              [-101.10521105211046, 76.23969565510438],
              [-101.08721087210866, 76.34130253624443],
              [-101.41481414814142, 76.43718508605264],
              [-101.81081810818102, 76.458651328547],
              [-102.19602196021954, 76.29407680275682],
              [-102.10242102421019, 76.22109157827595],
              [-101.38601386013855, 76.25400648343398],
              [-101.74241742417418, 76.18388342461901],
              [-101.90801908019074, 76.08656979197784],
              [-101.71001710017094, 75.98925615933669],
              [-101.41481414814142, 76.00356698766626],
              [-101.59121591215906, 75.92485743185355],
              [-101.35721357213566, 75.78031806572477],
              [-101.83241832418318, 75.90625335502509],
              [-102.26082260822602, 75.87047628420115],
              [-102.24642246422458, 75.7245058352394],
              [-102.68922689226886, 75.67728010175176],
              [-102.7756277562775, 75.54562048111961],
              [-102.63162631626311, 75.49839474763198],
              [-101.45081450814502, 75.60715704293682],
              [-101.36081360813603, 75.57853538627765],
              [-100.55440554405538, 75.65008952792556],
              [-98.93078930789302, 75.7144882554087],
              [-98.9595895958959, 75.68443551591656],
              [-99.8235982359823, 75.65581385925739],
              [-99.83079830798302, 75.54705156395255],
              [-100.28080280802803, 75.52701640429115],
              [-100.0396003960039, 75.45689334547617],
              [-100.72000720007195, 75.43828926864774],
              [-100.42480424804242, 75.38247703816236],
              [-100.78120781207807, 75.35528646433613],
              [-100.01800018000174, 75.22935117503582],
              [-100.4176041760417, 75.23507550636765],
              [-100.33120331203305, 75.01468875009206],
              [-99.64719647196466, 74.97604951360219],
              [-99.33039330393298, 75.12201996256394],
              [-99.3735937359373, 74.9889292590988],
              [-98.75078750787502, 74.9889292590988],
              [-98.03438034380338, 75.02613741275573],
              [-97.97317973179726, 75.11200238273324],
              [-97.56997569975694, 75.14921053639014],
              [-98.16398163981634, 75.33382022184176],
              [-97.81837818378177, 75.41682302615334],
              [-97.72477724777242, 75.57281105494582],
              [-97.28197281972814, 75.40251219782377],
              [-97.42597425974255, 75.51986099012635]
            ]
          ],
          [
            [
              [-101.15921159211587, 76.58172445218142],
              [-100.24840248402478, 76.73914356380683],
              [-100.97200972009715, 76.73485031530797],
              [-101.24201242012414, 76.64612317966456],
              [-101.68841688416879, 76.58887986634622],
              [-101.15921159211587, 76.58172445218142]
            ]
          ],
          [
            [
              [-89.67509675096746, 76.73198814964206],
              [-89.98109981099806, 76.84218152777984],
              [-90.52830528305277, 76.7920936286263],
              [-90.56790567905674, 76.71624623847953],
              [-90.06390063900633, 76.48584190237321],
              [-89.67509675096746, 76.50587706203464],
              [-89.85869858698581, 76.61607044017242],
              [-89.67509675096746, 76.73198814964206]
            ]
          ],
          [
            [
              [-110.00450004500038, 76.22681590960778],
              [-109.69489694896943, 76.22538482677481],
              [-109.30969309693091, 76.1023117031404],
              [-109.43209432094315, 76.00356698766626],
              [-110.0490274282038, 75.89950165473839],
              [-109.69129691296907, 75.80750863955097],
              [-109.10089100891003, 75.75026532623264],
              [-108.83448834488338, 75.62289895409936],
              [-108.8956889568895, 75.49267041630014],
              [-110.00450004500038, 75.54418939828665],
              [-110.00450004500038, 74.85297638996778],
              [-109.58329583295827, 74.85870072129961],
              [-108.8236882368823, 75.0719320634104],
              [-108.41688416884162, 74.91737511745089],
              [-108.05688056880562, 74.93741027711232],
              [-107.9776797767977, 75.0204130814239],
              [-107.68247682476819, 75.05046582091603],
              [-107.51327513275126, 74.94313460844415],
              [-107.00567005670051, 74.92309944878272],
              [-106.76086760867602, 75.0032400874284],
              [-106.00846008460078, 75.05619015224786],
              [-106.04806048060475, 75.1234510453969],
              [-105.66285662856623, 75.35528646433613],
              [-105.74925749257487, 75.49267041630014],
              [-105.38925389253886, 75.66010710775626],
              [-105.51165511655111, 75.89051144386255],
              [-105.76005760057595, 75.99068724216963],
              [-106.60606606066055, 76.06224138381756],
              [-106.89046890468899, 75.94059934301609],
              [-106.88326883268826, 75.76600723739517],
              [-107.04527045270447, 75.88908036102961],
              [-107.3656736567365, 75.91913310052172],
              [-107.72207722077215, 75.88621819536368],
              [-107.9776797767977, 75.78031806572477],
              [-107.89847898478979, 75.90052902369325],
              [-107.65007650076494, 75.97351424817415],
              [-107.85887858878583, 76.06653463231643],
              [-108.49968499684991, 76.0407751413232],
              [-108.33768337683371, 76.18674559028494],
              [-108.08208082080814, 76.28692138859202],
              [-108.48528485284847, 76.458651328547],
              [-108.7336873368733, 76.64326101399865],
              [-108.46728467284666, 76.6861934989874],
              [-108.77688776887763, 76.86364777027421],
              [-109.18369183691831, 76.82214636811844],
              [-109.49329493294927, 76.7234016526443],
              [-109.55449554495539, 76.63038126850202],
              [-110.00450004500038, 76.48584190237321],
              [-110.00450004500038, 76.22681590960778]
            ]
          ],
          [
            [
              [-79.55899558995584, 74.99179142476473],
              [-79.77859778597781, 75.03186174408756],
              [-80.17820178201777, 74.98463601059993],
              [-80.44460444604441, 75.0404482410853],
              [-79.62739627396269, 75.18069435871521],
              [-79.44379443794433, 75.28659448835415],
              [-79.64899648996484, 75.46977309097281],
              [-80.37620376203756, 75.46547984247394],
              [-79.99459994599941, 75.52415423862521],
              [-80.50220502205016, 75.66153819058923],
              [-81.01701017010164, 75.63577869959599],
              [-81.28701287012865, 75.66440035625513],
              [-81.11421114211137, 75.7788869828918],
              [-82.33102331023305, 75.84328571037494],
              [-83.09063090630902, 75.74024774640193],
              [-83.73503735037345, 75.82611271637944],
              [-84.28944289442889, 75.71305717257573],
              [-84.66384663846632, 75.69159093008136],
              [-84.57744577445769, 75.62433003693232],
              [-85.04545045450449, 75.65581385925739],
              [-85.32265322653221, 75.57424213777875],
              [-85.59265592655922, 75.59713946310609],
              [-86.15066150661501, 75.50841232746268],
              [-85.79065790657901, 75.42970277164997],
              [-86.61866618666181, 75.36959729266573],
              [-86.3954639546395, 75.43113385448294],
              [-86.77706777067765, 75.47549742230464],
              [-87.11187111871114, 75.59427729744019],
              [-87.36387363873634, 75.61574353993456],
              [-87.49707497074965, 75.49267041630014],
              [-87.74907749077485, 75.58139755194355],
              [-88.21348213482129, 75.47406633947168],
              [-88.58068580685801, 75.6586760249233],
              [-88.90108901089005, 75.60858812576976],
              [-88.75348753487529, 75.48122175363648],
              [-88.91908919089185, 75.42970277164997],
              [-89.20709207092065, 75.58569080044242],
              [-89.54189541895413, 75.55420697811735],
              [-89.64629646296457, 75.62289895409936],
              [-89.25749257492569, 75.63577869959599],
              [-89.19629196291957, 75.7960599768873],
              [-89.51309513095126, 75.85902762153748],
              [-89.77589775897754, 75.79462889405434],
              [-89.6894968949689, 75.90339118935918],
              [-89.92709927099266, 76.00642915333219],
              [-90.11430114301137, 75.93773717735019],
              [-90.79830798307978, 75.99927373916739],
              [-90.9315093150931, 75.92342634902059],
              [-91.10431104311037, 76.03505080999136],
              [-90.29070290702902, 76.03218864432543],
              [-90.18990189901893, 76.0679657151494],
              [-91.24471244712441, 76.16384826495761],
              [-91.16191161911614, 76.19819425294861],
              [-90.45630456304558, 76.17815909328718],
              [-89.37989379893793, 76.18388342461901],
              [-89.29709297092965, 76.30123221692159],
              [-90.44910449104485, 76.4114255950594],
              [-91.3995139951399, 76.458651328547],
              [-91.34911349113486, 76.51732572469831],
              [-90.65430654306537, 76.45722024571407],
              [-90.5715057150571, 76.56455145818592],
              [-91.01071010710102, 76.65757184232822],
              [-91.44271442714421, 76.69334891315219],
              [-92.00432004320038, 76.66472725649302],
              [-92.1555215552155, 76.61893260583835],
              [-92.69192691926914, 76.59603528051102],
              [-93.08073080730802, 76.62751910283609],
              [-93.37953379533789, 76.46723782554477],
              [-93.65673656736561, 76.4457715830504],
              [-93.30033300332998, 76.55453387835522],
              [-93.19593195931954, 76.75345439213643],
              [-93.69993699936994, 76.92089108359255],
              [-94.11394113941134, 76.88797617843451],
              [-94.50634506345058, 76.97097898274609],
              [-95.19035190351897, 77.00389388790413],
              [-95.76995769957693, 77.076879112385],
              [-96.38916389163886, 77.03394662739626],
              [-96.26676266762662, 76.98672089390863],
              [-96.80316803168026, 76.98672089390863],
              [-96.78516785167845, 76.86650993594014],
              [-96.3135631356313, 76.80783553978884],
              [-96.64476644766442, 76.75345439213643],
              [-96.8895688956889, 76.81212878828771],
              [-96.8715687156871, 76.7033664929829],
              [-96.4755647556475, 76.69048674748626],
              [-96.0255602556025, 76.55453387835522],
              [-96.10836108361077, 76.50015273070281],
              [-95.82395823958234, 76.39854584956277],
              [-94.84114841148406, 76.33987145341146],
              [-95.29115291152905, 76.28835247142499],
              [-95.08595085950854, 76.22538482677481],
              [-94.7475474754747, 76.31554304525119],
              [-94.06714067140666, 76.25973081476582],
              [-93.12753127531269, 76.3699241929036],
              [-92.64512645126446, 76.1194846971359],
              [-92.63072630726302, 76.02073998166176],
              [-92.18432184321837, 75.89480469236145],
              [-92.17712177121766, 75.75312749189857],
              [-92.00432004320038, 75.60143271160499],
              [-92.29952299522989, 75.51270557596155],
              [-92.46152461524609, 75.37532162399756],
              [-92.47232472324717, 75.21504034670622],
              [-92.11592115921154, 75.13633079089351],
              [-92.22392223922233, 75.03186174408756],
              [-92.06192061920613, 74.96316976810556],
              [-92.01872018720182, 74.77712899982097],
              [-91.51471514715142, 74.64403829635586],
              [-91.10071100711002, 74.62972746802626],
              [-91.22671226712262, 74.72417893500153],
              [-90.77310773107726, 74.88732237795878],
              [-91.02511025110246, 74.7041437753401],
              [-89.94869948699481, 74.53241383538511],
              [-89.43389433894333, 74.55388007787948],
              [-89.14589145891453, 74.60826122553189],
              [-88.94068940689401, 74.79573307664944],
              [-88.86868868688681, 74.6626423731843],
              [-88.52668526685261, 74.89877104062245],
              [-88.41148411484109, 74.7585249229925],
              [-88.5194851948519, 74.50093001306001],
              [-86.60426604266037, 74.47087727356791],
              [-86.80226802268017, 74.54958682938062],
              [-86.31626316263157, 74.49806784739411],
              [-86.23706237062365, 74.60110581136709],
              [-86.12546125461249, 74.48375701906451],
              [-85.48825488254877, 74.53670708388398],
              [-85.53505535055345, 74.68983294701053],
              [-85.33345333453329, 74.49663676456115],
              [-85.03465034650341, 74.53956924954988],
              [-84.9734497344973, 74.6969883611753],
              [-84.91584915849153, 74.51237867572368],
              [-84.25704257042565, 74.50665434439185],
              [-83.49383493834932, 74.57820848603976],
              [-83.33183331833312, 74.78142224831984],
              [-83.56223562235617, 74.89161562645765],
              [-83.12663126631261, 74.83151014747338],
              [-83.13023130231296, 74.70843702383897],
              [-82.92142921429209, 74.55101791221355],
              [-81.78741787417869, 74.45799752807127],
              [-81.31941319413188, 74.56246657487722],
              [-80.54180541805412, 74.56389765771019],
              [-80.16020160201597, 74.62400313669443],
              [-80.24660246602461, 74.7585249229925],
              [-79.3933939339393, 74.87587371529511],
              [-79.55899558995584, 74.99179142476473]
            ]
          ],
          [
            [
              [-85.16065160651601, 77.4589782287849],
              [-84.81504815048145, 77.49904854810771],
              [-85.0166501665016, 77.58348243525225],
              [-85.24345243452429, 77.53196345326577],
              [-85.16065160651601, 77.4589782287849]
            ]
          ],
          [
            [
              [-89.66069660696601, 77.35594026481189],
              [-89.77589775897754, 77.4861688026111],
              [-90.30510305103046, 77.62927708590692],
              [-90.88110881108805, 77.65789874256609],
              [-91.16911169111685, 77.61782842324325],
              [-91.19791197911974, 77.4074592467984],
              [-90.92430924309238, 77.30728344849132],
              [-90.09270092700922, 77.20424548451831],
              [-89.66069660696601, 77.35594026481189]
            ]
          ],
          [
            [
              [-104.3956439564395, 77.19279682185464],
              [-104.42084420844202, 77.30728344849132],
              [-104.7916479164791, 77.42177007512797],
              [-105.00045000449998, 77.41175249529726],
              [-104.99684996849962, 77.53768778459761],
              [-105.50445504455038, 77.72086638721626],
              [-106.07686076860763, 77.73803938121176],
              [-105.53685536855363, 77.30442128282539],
              [-105.24525245252447, 77.20567656735128],
              [-104.75564755647551, 77.111225100376],
              [-104.3956439564395, 77.19279682185464]
            ]
          ],
          [
            [
              [-93.25353253532529, 77.64501899706946],
              [-93.20673206732062, 77.72229747004923],
              [-93.60633606336057, 77.7809718662005],
              [-94.94914949149485, 77.79098944603123],
              [-95.40275402754021, 77.7466258782095],
              [-95.44595445954454, 77.81102460569264],
              [-96.23436234362337, 77.70512447605373],
              [-96.30276302763022, 77.59350001508298],
              [-95.98595985959854, 77.4790133884463],
              [-94.32994329943294, 77.47758230561334],
              [-93.95913959139585, 77.43894306912347],
              [-93.50193501935014, 77.46470256011673],
              [-93.25353253532529, 77.64501899706946]
            ]
          ],
          [
            [
              [-77.57177571775712, 77.85681925634731],
              [-77.95697956979565, 77.83678409668588],
              [-77.88137881378809, 77.7852651146994],
              [-77.57177571775712, 77.85681925634731]
            ]
          ],
          [
            [
              [-102.44802448024474, 77.73947046404473],
              [-101.78921789217887, 77.67936498506046],
              [-101.55881558815582, 77.73088396704696],
              [-100.96120961209606, 77.72802180138106],
              [-101.21321213212126, 77.84107734518477],
              [-101.64521645216446, 77.88973416150534],
              [-102.3976239762397, 77.88830307867238],
              [-102.44802448024474, 77.73947046404473]
            ]
          ],
          [
            [
              [-110.00450004500038, 77.93123556366115],
              [-109.6876968769687, 77.97130588298398],
              [-109.58329583295827, 78.05430868729556],
              [-110.00450004500038, 78.09867225511726],
              [-110.00450004500038, 77.93123556366115]
            ]
          ],
          [
            [
              [-102.9016290162901, 78.27469544357115],
              [-103.24723247232467, 78.19598588775844],
              [-103.04563045630451, 78.12729391177643],
              [-102.77922779227787, 78.21458996458688],
              [-102.9016290162901, 78.27469544357115]
            ]
          ],
          [
            [
              [-88.0586805868058, 78.45214971485797],
              [-88.20628206282058, 78.4378388865284],
              [-88.37908379083785, 78.24607378691198],
              [-88.16308163081625, 78.31619684572692],
              [-88.0586805868058, 78.45214971485797]
            ]
          ],
          [
            [
              [-110.00450004500038, 78.32907659122355],
              [-109.42489424894242, 78.30904143156212],
              [-109.25929259292587, 78.45930512902277],
              [-109.50409504095035, 78.58953366682198],
              [-110.00450004500038, 78.68684729946312],
              [-110.00450004500038, 78.32907659122355]
            ]
          ],
          [
            [
              [-74.5585455854558, 78.7812987664384],
              [-74.69174691746912, 78.72119328745413],
              [-74.33174331743312, 78.67826080246539],
              [-74.16614166141656, 78.72691761878596],
              [-74.5585455854558, 78.7812987664384]
            ]
          ],
          [
            [
              [-96.91116911169105, 77.7952826945301],
              [-96.74196741967414, 77.86969900184394],
              [-95.8095580955809, 77.90261390700198],
              [-95.37755377553769, 77.97273696581692],
              [-95.06075060750602, 77.97273696581692],
              [-94.88794887948873, 78.10868983494797],
              [-95.37035370353698, 78.24607378691198],
              [-94.82674826748261, 78.36342257921456],
              [-95.11835118351178, 78.4550118805239],
              [-95.7015570155701, 78.5265660221718],
              [-95.90675906759061, 78.48792678568194],
              [-96.27396273962734, 78.53515251916954],
              [-96.16596165961654, 78.62387965481298],
              [-97.45117451174507, 78.79704067760093],
              [-98.1495814958149, 78.8185069200953],
              [-98.35478354783542, 78.7741433522736],
              [-98.31518315183146, 78.64677698014029],
              [-98.02718027180266, 78.56949850716055],
              [-98.41238412384118, 78.49365111701377],
              [-98.03438034380338, 78.3991996500385],
              [-98.06678066780663, 78.30904143156212],
              [-97.82917829178285, 78.22603862725055],
              [-97.22797227972274, 78.19455480492547],
              [-96.86796867968674, 78.13731149160714],
              [-96.93636936369357, 78.08149926112176],
              [-97.65637656376558, 78.0972411722843],
              [-97.77517775177746, 78.04142894179893],
              [-96.99396993969934, 77.92551123232931],
              [-97.10197101971013, 77.8081624400267],
              [-96.91116911169105, 77.7952826945301]
            ]
          ],
          [
            [
              [-105.60525605256046, 79.103292403854],
              [-105.4036540365403, 79.01313418537762],
              [-104.9536495364953, 79.05320450470046],
              [-104.68004680046795, 79.01170310254469],
              [-105.03285032850323, 78.8256623342601],
              [-104.83484834848342, 78.79990284326684],
              [-104.45684456844562, 78.95732195489225],
              [-104.07884078840782, 78.98594361155142],
              [-103.8556385563855, 78.88290564757844],
              [-104.22284222842222, 78.78845418060317],
              [-103.8196381963819, 78.7397973642826],
              [-103.49923499234987, 78.78845418060317],
              [-103.48123481234806, 78.67110538830059],
              [-103.9096390963909, 78.66824322263469],
              [-104.01044010440098, 78.61958640631408],
              [-103.43803438034374, 78.62531073764592],
              [-103.4956349563495, 78.50653086251037],
              [-104.03924039240387, 78.52084169083997],
              [-104.64044640446399, 78.58380933549014],
              [-105.04725047250466, 78.50509977967744],
              [-104.82044820448198, 78.36199149638159],
              [-104.46404464044635, 78.27469544357115],
              [-103.9456394563945, 78.24321162124605],
              [-103.6576365763657, 78.32049009422579],
              [-102.74322743227427, 78.38059557321006],
              [-102.76482764827642, 78.27469544357115],
              [-102.5416254162541, 78.24321162124605],
              [-102.16002160021594, 78.28900627190072],
              [-101.09081090810902, 78.20600346758914],
              [-100.76320763207626, 78.08293034395473],
              [-100.78120781207807, 77.97273696581692],
              [-100.60840608406077, 77.8639746705121],
              [-99.93879938799383, 77.78240294903347],
              [-99.18279182791822, 77.84393951085067],
              [-99.01719017190166, 77.89402741000421],
              [-99.04599045990454, 78.08149926112176],
              [-99.5715957159571, 78.29473060323255],
              [-99.80199801998015, 78.30904143156212],
              [-99.87039870398698, 78.43926996936133],
              [-99.55719557195566, 78.59812016381971],
              [-100.06480064800643, 78.63819048314255],
              [-99.89199891998913, 78.69829596212679],
              [-100.3996039960399, 78.82995558275897],
              [-100.90720907209067, 78.7741433522736],
              [-101.2096120961209, 78.82280016859417],
              [-100.98640986409858, 78.93156246389901],
              [-101.64881648816483, 79.08039507852666],
              [-101.9116191161911, 79.09184374119033],
              [-102.41922419224186, 79.01456526821059],
              [-102.53802538025374, 78.8771813162466],
              [-102.62802628026274, 79.103292403854],
              [-102.88002880028795, 79.23352094165321],
              [-103.72243722437219, 79.36374947945242],
              [-105.15525155251547, 79.29935075196931],
              [-105.40725407254067, 79.33369673996029],
              [-105.60525605256046, 79.103292403854]
            ]
          ],
          [
            [
              [-100.15120151201506, 79.99771917445295],
              [-100.07200072000714, 79.87750821648447],
              [-99.58239582395818, 79.89897445897884],
              [-99.31239312393119, 79.8488865598253],
              [-99.3015930159301, 79.75872834134893],
              [-98.80118801188006, 79.67572553703735],
              [-98.64998649986494, 79.79164324650696],
              [-98.7075870758707, 79.96766643496085],
              [-98.87318873188725, 80.08358414443046],
              [-99.11799117991174, 80.133672043584],
              [-99.42399423994235, 80.11077471825666],
              [-99.78039780397798, 80.1508450375795],
              [-100.06120061200606, 80.0964638899271],
              [-100.15120151201506, 79.99771917445295]
            ]
          ],
          [
            [
              [-95.85275852758522, 80.65315511194788],
              [-95.18675186751862, 80.61308479262505],
              [-95.16515165151645, 80.70038084543552],
              [-96.05436054360538, 80.69322543127072],
              [-95.85275852758522, 80.65315511194788]
            ]
          ],
          [
            [
              [-96.62316623166225, 80.04494490794059],
              [-96.55836558365579, 79.94906235813238],
              [-96.13716137161366, 79.91185420447547],
              [-96.61596615966154, 79.88466363064924],
              [-95.85275852758522, 79.65282821171002],
              [-95.19395193951934, 79.64710388037818],
              [-94.29394293942934, 79.75872834134893],
              [-94.34074340743402, 79.68574311686805],
              [-94.72594725947253, 79.60989572672125],
              [-95.6115561155611, 79.55837674473474],
              [-95.75555755557549, 79.40668196444116],
              [-95.16515165151645, 79.34943865112285],
              [-95.23715237152366, 79.28790208930565],
              [-94.5315453154531, 79.34228323695805],
              [-94.48114481144806, 79.4267171241026],
              [-93.84033840338398, 79.39952655027639],
              [-94.14274142741422, 79.33655890562622],
              [-93.93033930339298, 79.25928043264648],
              [-93.49473494734941, 79.36088731378652],
              [-92.6055260552605, 79.4510455322629],
              [-92.23112231122306, 79.43244145543443],
              [-92.58032580325798, 79.38521572194679],
              [-91.83151831518309, 79.34371431979102],
              [-91.12231122311218, 79.39094005327863],
              [-91.16911169111685, 79.35373189962172],
              [-91.91431914319138, 79.30221291763522],
              [-92.56592565925654, 79.31079941463295],
              [-92.62712627126265, 79.24496960431688],
              [-92.08712087120865, 79.20633036782701],
              [-91.04311043110425, 79.25212501848168],
              [-90.38790387903873, 79.23924527298504],
              [-91.88191881918813, 79.16339788283827],
              [-93.22833228332277, 79.17055329700304],
              [-93.5955359553595, 79.06322208453116],
              [-94.21114211142105, 79.00740985404579],
              [-94.27234272342717, 78.96877061755592],
              [-93.87633876338758, 78.83424883125784],
              [-93.54873548735482, 78.8385420797567],
              [-93.0375303753037, 78.76841902094176],
              [-93.8115381153811, 78.76841902094176],
              [-93.2175321753217, 78.58953366682198],
              [-92.81072810728102, 78.63819048314255],
              [-91.73791737917374, 78.55948092732984],
              [-92.88272882728822, 78.50653086251037],
              [-92.99072990729901, 78.46646054318757],
              [-92.61272612726121, 78.33623200538835],
              [-92.00432004320038, 78.21315888175394],
              [-90.88470884708842, 78.14446690577194],
              [-90.35190351903513, 78.14446690577194],
              [-90.37350373503729, 78.28757518906775],
              [-90.75150751507509, 78.32335225989172],
              [-90.1395013950139, 78.32478334272469],
              [-89.90189901899014, 78.22174537875168],
              [-89.45549455494549, 78.16450206543334],
              [-89.78669786697861, 78.39776856720556],
              [-89.9774997749977, 78.43926996936133],
              [-90.00630006300058, 78.61386207498225],
              [-89.04869048690482, 78.18167505942884],
              [-88.7714877148771, 78.18596830792771],
              [-88.55188551885513, 78.43211455519656],
              [-88.76788767887673, 78.61815532348115],
              [-88.56988569885694, 78.61243099214931],
              [-88.22788227882273, 78.46359837752163],
              [-88.04068040680401, 78.47934028868417],
              [-87.9326793267932, 78.61672424064818],
              [-88.15948159481589, 78.67826080246539],
              [-88.21708217082166, 78.95302870639338],
              [-87.99027990279897, 78.96018412055818],
              [-87.98307983079825, 78.79274742910206],
              [-87.85707857078565, 78.69257163079496],
              [-87.53667536675361, 78.67110538830059],
              [-87.30987309873093, 78.80992042309754],
              [-86.93906939069385, 78.91868271840238],
              [-86.98946989469889, 79.0517734218675],
              [-86.74826748267478, 78.95875303772522],
              [-86.50346503465029, 79.068946415863],
              [-85.50985509855093, 79.16626004850417],
              [-84.91944919449189, 79.29648858630338],
              [-85.3946539465394, 79.4539076979288],
              [-85.56385563855633, 79.57984298722914],
              [-85.86265862658621, 79.59272273272575],
              [-86.01026010260097, 79.43959686959923],
              [-86.04266042660421, 79.56839432456547],
              [-86.30906309063086, 79.64853496321112],
              [-86.61866618666181, 79.65139712887705],
              [-87.15867158671581, 79.57698082156321],
              [-86.96066960669602, 79.90899203880954],
              [-87.34587345873453, 79.84316222849347],
              [-87.00747007470069, 79.95335560663125],
              [-87.23787237872374, 80.07070439893383],
              [-87.93627936279357, 80.06784223326792],
              [-88.02628026280257, 80.13796529208287],
              [-87.57627576275758, 80.17946669423867],
              [-87.70227702277018, 80.41273319601089],
              [-88.46908469084686, 80.4399237698371],
              [-88.71028710287098, 80.28966007237648],
              [-88.14508145081446, 80.09789497276006],
              [-88.60228602286017, 80.11793013242146],
              [-89.04149041490409, 80.19377752256827],
              [-89.26109261092606, 80.30397090070605],
              [-89.0594905949059, 80.46854542649626],
              [-89.32589325893254, 80.53723740247827],
              [-89.83349833498329, 80.5286509054805],
              [-90.72990729907293, 80.56729014197037],
              [-90.70830708307078, 80.70324301110142],
              [-91.08991089910893, 80.74903766175609],
              [-91.5255152551525, 80.97801091502942],
              [-91.91431914319138, 81.07675563050356],
              [-91.82791827918274, 81.16262060048103],
              [-92.23832238322377, 81.25564098462334],
              [-93.25713257132566, 81.37298977692592],
              [-93.66393663936634, 81.34007487176788],
              [-94.1895418954189, 81.36726544559409],
              [-94.39474394743942, 81.26136531595517],
              [-93.7755377553775, 81.20698416830277],
              [-93.2175321753217, 81.21413958246754],
              [-93.15633156331558, 81.09822187299793],
              [-94.35874358743581, 81.10537728716272],
              [-93.96993969939693, 81.05815155367509],
              [-94.3695436954369, 80.97514874936351],
              [-94.86274862748621, 81.06530696783989],
              [-95.2335523355233, 81.01521906868635],
              [-95.4855548555485, 80.9064567733815],
              [-95.15075150751501, 80.88499053088714],
              [-95.49995499954994, 80.80771205790737],
              [-94.5135451354513, 80.72614033642876],
              [-94.52074520745202, 80.60449829562731],
              [-94.00594005940053, 80.59161855013068],
              [-93.93393933939333, 80.5214954913157],
              [-94.9815498154981, 80.60306721279434],
              [-96.0255602556025, 80.58446313596588],
              [-96.10116101161006, 80.4943049174895],
              [-95.4855548555485, 80.38983587068356],
              [-95.43875438754382, 80.34404122002888],
              [-95.94995949959494, 80.39126695351649],
              [-96.48996489964894, 80.32973039169929],
              [-96.56916569165686, 80.27678032687984],
              [-95.96795967959673, 80.20093293673304],
              [-95.6115561155611, 80.24815867022068],
              [-95.65475654756541, 80.17660452857277],
              [-95.40275402754021, 80.12651662941923],
              [-94.95994959949594, 80.14225854058176],
              [-94.61794617946174, 80.22239917922741],
              [-94.08874088740882, 80.17946669423867],
              [-94.54594545945454, 80.1580004517443],
              [-94.80874808748082, 80.09789497276006],
              [-94.4235442354423, 79.98197726329042],
              [-94.84474844748442, 80.04494490794059],
              [-95.16875168751682, 80.03349624527692],
              [-96.01836018360177, 80.0721354817668],
              [-96.36396363963634, 80.1408274577488],
              [-96.70956709567089, 80.1479828719136],
              [-96.62316623166225, 80.04494490794059]
            ]
          ],
          [
            [
              [-61.08721087210867, 82.33181527500801],
              [-61.580415804157994, 82.48923438663343],
              [-62.840428404284, 82.5178560432926],
              [-63.03483034830343, 82.45631948147536],
              [-62.962829628296234, 82.59370343343937],
              [-63.65043650436499, 82.71820763990675],
              [-63.44883448834483, 82.8269699352116],
              [-64.1364413644136, 82.8369875150423],
              [-64.44244442444419, 82.76114012489549],
              [-64.75204752047516, 82.83126318371046],
              [-64.69804698046975, 82.90997273952317],
              [-65.13365133651332, 82.89995515969247],
              [-65.44325443254428, 82.77688203605805],
              [-65.49365493654932, 82.84271184637413],
              [-65.85005850058496, 82.84271184637413],
              [-67.44127441274408, 82.65810216092251],
              [-68.6184861848618, 82.63091158709628],
              [-68.42768427684273, 82.68529273474871],
              [-67.24687246872463, 82.76972662189326],
              [-66.36126361263608, 82.89423082836063],
              [-66.40446404464039, 82.9428876446812],
              [-67.59607596075956, 82.97150930134038],
              [-68.19008190081895, 82.94861197601304],
              [-68.17208172081716, 82.99869987516658],
              [-68.95328953289528, 82.98295796400404],
              [-69.03969039690392, 83.04592560865422],
              [-69.61569615696152, 82.99011337816884],
              [-69.68769687696872, 83.11604866746916],
              [-70.81810818108175, 83.11175541897029],
              [-71.480514805148, 83.02302828332688],
              [-70.83610836108356, 82.88564433136287],
              [-71.58491584915843, 82.94861197601304],
              [-71.76491764917644, 83.00156204083251],
              [-71.62811628116276, 83.10316892197255],
              [-72.59292592925924, 83.10173783913959],
              [-72.97092970929704, 83.07311618248042],
              [-73.65493654936544, 82.92714573351867],
              [-73.11493114931145, 82.79119286438763],
              [-72.50292502925024, 82.72965630257042],
              [-72.59292592925924, 82.70103464591125],
              [-73.82773827738272, 82.86560917170146],
              [-74.19854198541981, 83.00156204083251],
              [-75.05535055350549, 83.04163236015532],
              [-76.13536135361349, 83.05308102281899],
              [-77.38817388173877, 82.99011337816884],
              [-76.66816668166676, 82.87992000003103],
              [-76.1065610656106, 82.68815490041462],
              [-75.440554405544, 82.63091158709628],
              [-76.17496174961744, 82.45631948147536],
              [-75.89415894158937, 82.5994277647712],
              [-76.5565655656556, 82.67527515491801],
              [-77.13977139771393, 82.86704025453443],
              [-77.8525785257852, 82.9257146506857],
              [-78.55818558185577, 82.86560917170146],
              [-78.79218792187916, 82.94431872751417],
              [-78.99018990189897, 82.87848891719807],
              [-79.33939339393389, 82.97580254983924],
              [-80.15660156601561, 82.93859439618234],
              [-80.35100351003504, 82.8641780888685],
              [-79.67779677796773, 82.83126318371046],
              [-79.89379893798933, 82.76543337339439],
              [-78.50418504185036, 82.68815490041462],
              [-79.12699126991265, 82.66955082358618],
              [-79.90099900999004, 82.71820763990675],
              [-80.1026010260102, 82.66955082358618],
              [-80.31500315003144, 82.78689961588876],
              [-81.47421474214737, 82.8298321008775],
              [-81.57501575015745, 82.79119286438763],
              [-80.5994059940599, 82.55935744544837],
              [-80.88740887408869, 82.5350290372881],
              [-81.41661416614161, 82.63091158709628],
              [-82.06822068220677, 82.67384407208505],
              [-82.29502295022945, 82.58511693644164],
              [-81.49941499414989, 82.49782088363116],
              [-82.49662496624961, 82.50926954629483],
              [-82.71262712627122, 82.38190317416155],
              [-81.29061290612901, 82.16294750071893],
              [-80.86940869408689, 82.160085335053],
              [-80.93420934209337, 82.10427310456762],
              [-79.86499864998645, 82.02699463158788],
              [-79.9225992259922, 81.98835539509801],
              [-79.23139231392308, 81.81805653797596],
              [-79.53019530195297, 81.8237808693078],
              [-80.01980019800193, 81.96688915260361],
              [-81.58941589415889, 82.12001501573016],
              [-82.39942399423988, 82.24738138786347],
              [-82.96822968229677, 82.29890036984995],
              [-83.00783007830073, 82.23020839386797],
              [-82.58302583025825, 82.09425552473692],
              [-82.10062100621, 82.05990953674592],
              [-83.13023130231296, 82.07135819940959],
              [-82.95022950229497, 82.125739347062],
              [-83.67383673836733, 82.34898826900351],
              [-84.94464944649441, 82.42769782481622],
              [-84.70704707047065, 82.4835100553016],
              [-85.76185761857613, 82.46776814413903],
              [-85.3514535145351, 82.29031387285221],
              [-85.67185671856713, 82.24451922219754],
              [-86.84906849068486, 82.22019081403724],
              [-86.7266672666726, 82.13718800972566],
              [-84.75384753847533, 81.99121756076391],
              [-85.73305733057325, 81.98835539509801],
              [-85.430654306543, 81.85955794013177],
              [-86.16146161461609, 82.04559870841632],
              [-86.96426964269637, 82.05132303974815],
              [-86.8454684546845, 81.98835539509801],
              [-87.28827288272878, 81.96402698693771],
              [-87.37107371073705, 82.07708253074142],
              [-87.99747997479969, 82.10570418740059],
              [-88.6814868148681, 82.05847845391295],
              [-89.0594905949059, 81.98835539509801],
              [-88.9874898748987, 81.92824991611374],
              [-89.36909369093685, 81.81948762080893],
              [-89.76509765097646, 81.92252558478191],
              [-91.01431014310137, 81.84238494613626],
              [-91.03231032310318, 81.76939972165539],
              [-91.48591485914854, 81.77226188732129],
              [-91.95031950319498, 81.63201576969138],
              [-91.48231482314817, 81.59623869886741],
              [-91.41751417514169, 81.54328863404797],
              [-90.96390963909633, 81.56332379370937],
              [-90.68310683106826, 81.67781042034605],
              [-90.09270092700922, 81.62629143835954],
              [-89.58509585095845, 81.63201576969138],
              [-90.83430834308338, 81.46457907823526],
              [-90.49230492304918, 81.37012761126002],
              [-88.98028980289797, 81.54042646838204],
              [-88.40428404284037, 81.58622111903671],
              [-87.3134731347313, 81.5175291430547],
              [-87.93987939879393, 81.53613321988317],
              [-88.89028890288897, 81.5003561490592],
              [-89.24309243092425, 81.41162901341579],
              [-89.92349923499229, 81.34293703743379],
              [-89.38709387093866, 81.25134773612447],
              [-88.9334893348933, 81.24848557045854],
              [-89.55989559895593, 81.2084152511357],
              [-89.98469984699841, 81.2499166532915],
              [-90.35190351903513, 81.1740692631447],
              [-90.18270182701822, 81.06960021633876],
              [-89.82629826298258, 81.01235690302042],
              [-87.86067860678601, 81.07961779616946],
              [-87.38907389073886, 81.06960021633876],
              [-86.5214652146521, 81.12541244682413],
              [-85.87345873458729, 81.2398990734608],
              [-85.24345243452429, 81.29857346961208],
              [-84.73224732247317, 81.28283155844954],
              [-85.53145531455309, 81.18981117430727],
              [-86.69786697866974, 81.00520148885562],
              [-87.61947619476189, 80.98087308069535],
              [-88.41148411484109, 80.99947715752378],
              [-89.27189271892713, 80.95368250686914],
              [-89.38709387093866, 80.8792661995553],
              [-88.10188101881013, 80.68034568577409],
              [-87.2774727747277, 80.63168886945351],
              [-87.06507065070645, 80.73329575059356],
              [-86.11106111061105, 80.99232174335901],
              [-85.3946539465394, 81.05958263650805],
              [-84.20304203042025, 81.095359707332],
              [-82.38502385023845, 81.18551792580837],
              [-82.75222752227516, 81.13543002665483],
              [-85.19665196651961, 81.02237448285112],
              [-85.79785797857973, 80.94652709270434],
              [-86.55026550265497, 80.71612275659805],
              [-86.74826748267478, 80.60449829562731],
              [-86.11826118261177, 80.53723740247827],
              [-85.12105121051205, 80.5043224973202],
              [-84.3974439744397, 80.51004682865204],
              [-83.80343803438029, 80.56013472780558],
              [-83.70623706237058, 80.74903766175609],
              [-83.27423274232737, 80.84635129439727],
              [-83.12303123031225, 80.8306093832347],
              [-83.56943569435688, 80.74188224759129],
              [-83.30303303033025, 80.69894976260255],
              [-82.57942579425789, 80.74188224759129],
              [-81.97101971019706, 80.8377647973995],
              [-81.7586175861758, 80.81629855490513],
              [-82.15102151021505, 80.72757141926172],
              [-83.05103051030505, 80.65315511194788],
              [-83.11943119431189, 80.54725498230897],
              [-82.91422914229138, 80.54009956814417],
              [-81.2186121861218, 80.62739562095464],
              [-79.61299612996125, 80.8277472175688],
              [-79.17019170191696, 80.97371766653055],
              [-79.3465934659346, 81.00233932318972],
              [-79.15219152191517, 81.1025151214968],
              [-79.50499504995045, 81.19982875413797],
              [-78.94338943389428, 81.10680836999566],
              [-78.19098190981904, 81.30572888377688],
              [-76.85536855368548, 81.4559925812375],
              [-77.07137071370708, 81.37585194259182],
              [-77.62577625776252, 81.32147079493942],
              [-78.88578885788853, 81.01235690302042],
              [-78.84618846188457, 80.85779995706093],
              [-77.99657996579961, 80.9064567733815],
              [-77.0245702457024, 80.88642161372007],
              [-76.58896588965885, 80.90216352488264],
              [-76.56736567365668, 80.84635129439727],
              [-77.50697506975065, 80.83347154890063],
              [-78.53298532985325, 80.78052148408116],
              [-79.3933939339393, 80.69894976260255],
              [-79.96579965799653, 80.61165370979208],
              [-78.78498784987845, 80.61594695829098],
              [-78.01818018180177, 80.59734288146251],
              [-78.10818108181077, 80.5629968934715],
              [-78.69858698586981, 80.5701523076363],
              [-80.05220052200517, 80.52721982264754],
              [-80.35100351003504, 80.47283867499513],
              [-81.98901989019885, 80.40414669901313],
              [-83.20583205832052, 80.31685064620268],
              [-82.16902169021685, 80.01775433411439],
              [-81.45621456214556, 79.95478668946421],
              [-81.66141661416609, 79.90756095597658],
              [-81.50301503015025, 79.71436477352722],
              [-80.88020880208796, 79.65425929454295],
              [-79.75339753397529, 79.70720935936242],
              [-79.91899918999185, 79.64853496321112],
              [-80.62100621006205, 79.60417139538941],
              [-80.5886058860588, 79.56982540739841],
              [-81.37701377013765, 79.64281063187929],
              [-81.65061650616501, 79.59415381555871],
              [-82.17262172621722, 79.8689217194867],
              [-83.11223112231117, 80.07356656459976],
              [-83.78903789037885, 80.25102083588658],
              [-84.62784627846273, 80.27821140971281],
              [-85.3154531545315, 80.26819382988208],
              [-85.89505895058946, 80.33831688869705],
              [-86.43866438664381, 80.31971281186858],
              [-86.64386643866433, 80.15370720324543],
              [-86.44226442264417, 80.00773675428368],
              [-85.52065520655201, 79.96480426929492],
              [-85.25425254252536, 79.92616503280505],
              [-86.31266312663121, 79.97339076629268],
              [-86.44946449464489, 79.93761369546871],
              [-86.48906489064885, 79.7701770040126],
              [-85.86265862658621, 79.69862286236469],
              [-85.62865628656282, 79.70864044219539],
              [-85.02025020250197, 79.61705114088605],
              [-84.87984879848793, 79.48682260308684],
              [-84.48744487444868, 79.412406295773],
              [-84.32904329043285, 79.19201953949744],
              [-84.14184141841413, 79.1820019596667],
              [-83.44703447034465, 79.02887609654019],
              [-83.9834398343983, 79.0517734218675],
              [-84.16344163441629, 79.13048297768023],
              [-84.50544505445049, 79.14622488884277],
              [-84.75384753847533, 79.03889367637089],
              [-84.27864278642781, 78.95589087205931],
              [-82.96822968229677, 78.94014896089675],
              [-82.53622536225357, 78.88576781324434],
              [-82.12222122221218, 78.91582055273648],
              [-81.88101881018805, 79.01885851670946],
              [-81.47781477814773, 79.04891125620159],
              [-81.77301773017724, 78.86573265358294],
              [-82.40302403024025, 78.828524499926],
              [-83.20943209432089, 78.85142182525334],
              [-83.20943209432089, 78.8041960917657],
              [-82.59742597425969, 78.70688245912456],
              [-82.24462244622441, 78.60384449515155],
              [-82.34182341823413, 78.56949850716055],
              [-82.78822788227878, 78.69257163079496],
              [-83.16263162631621, 78.72405545312006],
              [-83.74583745837452, 78.8385420797567],
              [-84.70704707047065, 78.87145698491477],
              [-85.24705247052465, 78.91725163556941],
              [-85.75825758257577, 78.83138666559194],
              [-86.6114661146611, 78.80992042309754],
              [-86.93906939069385, 78.71403787328936],
              [-87.15867158671581, 78.54946334749914],
              [-87.48267482674821, 78.45214971485797],
              [-87.48627486274857, 78.12729391177643],
              [-86.76986769867693, 78.12013849761163],
              [-86.52866528665281, 78.20743455042211],
              [-86.28746287462869, 78.19455480492547],
              [-85.83745837458369, 78.34195633672019],
              [-85.93825938259377, 78.23748728991421],
              [-86.2226622266222, 78.1659331482663],
              [-86.22626226262257, 78.06146410146033],
              [-85.48825488254877, 78.11727633194573],
              [-84.95904959049585, 78.35054283371792],
              [-84.76104761047606, 78.34338741955312],
              [-85.0634506345063, 78.0628951842933],
              [-85.66105661056605, 77.94983964048959],
              [-85.40185401854013, 77.83105976535404],
              [-85.16425164251638, 77.80673135719377],
              [-85.28305283052825, 77.65932982539906],
              [-84.83664836648362, 77.59063784941705],
              [-84.76104761047606, 77.5205147906021],
              [-84.33264332643321, 77.53196345326577],
              [-83.91863918639181, 77.49332421677587],
              [-83.42183421834213, 77.60781084341255],
              [-82.93582935829353, 77.88257874734055],
              [-82.78462784627841, 78.01710053363863],
              [-82.5146251462514, 77.95985722032032],
              [-82.88182881828813, 77.72802180138106],
              [-83.42543425434249, 77.50763504510547],
              [-83.80343803438029, 77.47328905711447],
              [-83.46503465034645, 77.34878485064709],
              [-84.0626406264062, 77.40459708113247],
              [-84.61704617046165, 77.3831308386381],
              [-84.46584465844653, 77.30155911715948],
              [-85.00225002250016, 77.3831308386381],
              [-85.40185401854013, 77.4003038326336],
              [-85.78345783457829, 77.50477287943954],
              [-85.97425974259737, 77.71371097305146],
              [-86.21546215462149, 77.79385161169714],
              [-86.8454684546845, 77.88973416150534],
              [-87.19107191071905, 77.90404498983492],
              [-88.18108181081806, 77.80100702586194],
              [-88.18828188281877, 77.64072574857059],
              [-87.81027810278097, 77.57489593825451],
              [-87.64827648276477, 77.4861688026111],
              [-87.68067680676802, 77.35307809914596],
              [-86.91386913869133, 77.26721312916848],
              [-87.61587615876154, 77.1012075205453],
              [-88.29268292682922, 77.13698459136927],
              [-88.72108721087206, 77.01391146773486],
              [-89.53829538295378, 76.85649235610944],
              [-89.41949419494189, 76.68762458182036],
              [-89.68229682296817, 76.57456903801665],
              [-88.91188911889114, 76.40999451222643],
              [-88.7354873548735, 76.59603528051102],
              [-88.48708487084865, 76.50730814486761],
              [-88.71028710287098, 76.71195298998063],
              [-88.53748537485369, 76.8164220367866],
              [-88.50868508685082, 76.61463935733948],
              [-88.3574835748357, 76.4901351508721],
              [-88.40428404284037, 76.3942526010639],
              [-87.63027630276298, 76.3355782049126],
              [-87.39987399873993, 76.4557891628811],
              [-86.72306723067226, 76.34845795040923],
              [-86.65826658266577, 76.4658067427118],
              [-86.2334623346233, 76.54880954702338],
              [-86.40626406264057, 76.4071323465605],
              [-85.25065250652501, 76.31554304525119],
              [-85.20385203852032, 76.28405922292609],
              [-84.41184411844112, 76.30981871391936],
              [-84.94104941049405, 76.42287425772307],
              [-85.03465034650341, 76.57456903801665],
              [-84.71784717847173, 76.45435808004814],
              [-84.23544235442348, 76.44720266588334],
              [-84.19584195841954, 76.61750152300539],
              [-83.69543695436948, 76.4314607547208],
              [-83.18423184231837, 76.4314607547208],
              [-82.8026280262802, 76.38995935256503],
              [-82.28062280622801, 76.39997693239573],
              [-82.08262082620821, 76.56741362385185],
              [-82.51102511025105, 76.66186509082709],
              [-82.59022590225896, 76.78350713162857],
              [-82.32382323823232, 76.64469209683159],
              [-82.06102061020604, 76.61607044017242],
              [-81.93501935019344, 76.49442839937097],
              [-80.97020970209697, 76.48011757104138],
              [-80.77580775807753, 76.3870971868991],
              [-81.09621096210957, 76.21822941261001],
              [-80.66780667806673, 76.16384826495761],
              [-79.55179551795513, 76.31697412808413],
              [-79.3465934659346, 76.29693896842272],
              [-79.00819008190076, 76.424305340556],
              [-78.77418774187737, 76.57743120368255],
              [-78.56538565385648, 76.56741362385185],
              [-78.50058500585001, 76.458651328547],
              [-78.140581405814, 76.52734330452901],
              [-78.01098010980104, 76.63753668266682],
              [-77.76977769777693, 76.66472725649302],
              [-77.71577715777153, 76.82214636811844],
              [-77.91377913779132, 76.96525465141426],
              [-78.33138331383309, 77.01248038490189],
              [-78.96498964989645, 76.84218152777984],
              [-78.86778867788672, 76.92375324925848],
              [-79.37539375393749, 76.92518433209142],
              [-79.00819008190076, 77.10406968621123],
              [-79.43299432994324, 77.23859147250931],
              [-80.02700027000265, 77.18850357335577],
              [-81.1034110341103, 77.28724828882989],
              [-81.75141751417509, 77.16703733086138],
              [-81.8486184861848, 77.29011045449582],
              [-81.20061200612001, 77.32302535965385],
              [-81.73701737017365, 77.4346498206246],
              [-81.67221672216716, 77.52337695626801],
              [-81.94581945819453, 77.65360549406722],
              [-81.63981639816393, 77.59779326358185],
              [-81.58221582215816, 77.51765262493618],
              [-80.77940779407788, 77.33590510515046],
              [-79.97299972999724, 77.28009287466509],
              [-79.64539645396448, 77.32159427682089],
              [-79.13419134191336, 77.29154153732875],
              [-78.28818288182876, 77.37740650730626],
              [-77.73737737377368, 77.60065542924775],
              [-78.050580505805, 77.7337461327129],
              [-77.98217982179817, 77.81674893702447],
              [-78.4285842858428, 77.91120040399971],
              [-78.18378183781833, 77.96558155165215],
              [-77.15417154171537, 77.94840855765665],
              [-76.880568805688, 77.90547607266788],
              [-76.2325623256232, 78.02139378213752],
              [-75.93375933759333, 77.95842613748735],
              [-75.58095580955805, 78.11298308344684],
              [-76.18936189361888, 78.13301824310827],
              [-76.9165691656916, 78.20743455042211],
              [-76.60336603366028, 78.25466028390971],
              [-75.62775627756272, 78.20027913625731],
              [-75.10935109351088, 78.37487124187822],
              [-76.07776077760772, 78.46646054318757],
              [-76.49896498964985, 78.54803226466618],
              [-75.39735397353968, 78.51511735950814],
              [-74.80334803348029, 78.58810258398901],
              [-74.7745477454774, 78.83424883125784],
              [-75.30375303753033, 78.88433673041138],
              [-76.44136441364408, 78.87145698491477],
              [-75.82935829358289, 78.92583813256718],
              [-75.77895778957785, 78.98165036305255],
              [-76.73296732967324, 79.03603151070496],
              [-77.71937719377189, 78.97020170038888],
              [-78.29898298982985, 78.79560959476797],
              [-77.95697956979565, 78.96018412055818],
              [-77.70137701377008, 79.00740985404579],
              [-77.91377913779132, 79.05606667036639],
              [-78.86778867788672, 79.06179100169823],
              [-78.33138331383309, 79.08468832702556],
              [-77.79137791377909, 79.068946415863],
              [-77.53217532175317, 79.02458284804129],
              [-76.70776707767072, 79.0904126583574],
              [-76.16776167761672, 79.07753291286076],
              [-76.13176131761313, 79.1247586463484],
              [-78.05778057780573, 79.1791397940008],
              [-76.0885608856088, 79.20489928499404],
              [-75.89415894158937, 79.103292403854],
              [-75.08775087750873, 79.03173826220609],
              [-74.49374493744932, 79.03603151070496],
              [-74.78174781747812, 79.19345062233037],
              [-74.4685446854468, 79.22779661032138],
              [-75.94815948159477, 79.23781419015208],
              [-76.15336153361528, 79.27502234380901],
              [-77.32697326973265, 79.26786692964421],
              [-77.78777787777872, 79.35373189962172],
              [-77.22617226172257, 79.32511024296255],
              [-77.40257402574021, 79.45247661509583],
              [-77.12537125371249, 79.46964960909133],
              [-76.83376833768332, 79.35516298245469],
              [-75.91575915759152, 79.34657648545692],
              [-76.19296192961924, 79.46964960909133],
              [-76.85536855368548, 79.48252935458797],
              [-77.04617046170456, 79.5225996739108],
              [-76.19656196561961, 79.49397801725164],
              [-75.5125551255512, 79.39666438461046],
              [-75.0265502655026, 79.37376705928313],
              [-75.06615066150657, 79.49397801725164],
              [-74.69534695346948, 79.44961444942993],
              [-74.02934029340288, 79.44961444942993],
              [-73.90333903339028, 79.55408349623588],
              [-73.73413734137337, 79.49684018291754],
              [-73.1725317253172, 79.53834158507334],
              [-73.1725317253172, 79.65855254304185],
              [-73.38493384933844, 79.77590133534443],
              [-73.58293582935825, 79.76159050701483],
              [-74.8465484654846, 79.85031764265827],
              [-74.22734227342268, 79.89611229331291],
              [-73.0645306453064, 79.80881624050247],
              [-72.920529205292, 79.71007152502835],
              [-72.23292232922324, 79.66284579154072],
              [-71.48411484114837, 79.73726209885456],
              [-71.01971019710192, 79.82312706883204],
              [-70.91170911709112, 79.89325012764701],
              [-71.37611376113756, 79.94190694396758],
              [-70.7065070650706, 79.99199484312112],
              [-70.50490504905044, 80.09789497276006],
              [-70.64890648906484, 80.14225854058176],
              [-71.52371523715232, 80.06784223326792],
              [-72.16812168121676, 80.05639357060426],
              [-72.39132391323908, 80.09073955859526],
              [-71.89811898118977, 80.11077471825666],
              [-72.42012420124196, 80.21381268222967],
              [-71.99891998919985, 80.1923464397353],
              [-71.73611736117356, 80.11793013242146],
              [-70.74610746107456, 80.20665726806487],
              [-70.20970209702092, 80.18805319123643],
              [-69.95769957699572, 80.26246949855025],
              [-70.4545045450454, 80.34404122002888],
              [-70.37170371703712, 80.41273319601089],
              [-70.81810818108175, 80.54868606514191],
              [-70.33570335703352, 80.477131923494],
              [-70.310503105031, 80.35835204835846],
              [-69.66609666096656, 80.35548988269255],
              [-69.3744937449374, 80.39699128484833],
              [-69.13329133291327, 80.5358063196453],
              [-68.28008280082796, 80.76048632441976],
              [-66.67086670866703, 81.03954747684662],
              [-65.99045990459899, 81.22845041079714],
              [-65.40005400053995, 81.26995181295291],
              [-64.69084690846904, 81.39016277092142],
              [-64.43524435244348, 81.48175207223076],
              [-64.54684546845463, 81.55044404821274],
              [-65.73485734857344, 81.49320073489443],
              [-67.78687786877865, 81.31717754644055],
              [-69.4824948249482, 81.18408684297543],
              [-70.06930069300688, 81.16262060048103],
              [-69.36729367293668, 81.2398990734608],
              [-68.44208442084415, 81.31145321510871],
              [-68.04608046080456, 81.37298977692592],
              [-66.65286652866524, 81.5003561490592],
              [-67.2684726847268, 81.57191029070714],
              [-68.57888578885785, 81.51609806022176],
              [-68.85608856088555, 81.55044404821274],
              [-68.38808388083876, 81.5661859593753],
              [-69.30969309693091, 81.72217398816775],
              [-68.21168211682112, 81.56332379370937],
              [-66.62406624066236, 81.62342927269361],
              [-65.85725857258568, 81.62772252119251],
              [-65.37485374853743, 81.68067258601195],
              [-66.04806048060476, 81.69498341434155],
              [-65.37485374853743, 81.76224430749059],
              [-64.37404374043736, 81.72503615383366],
              [-63.920439204392, 81.79802137831453],
              [-62.25722257222567, 82.02413246592195],
              [-61.87201872018716, 82.11285960156539],
              [-62.03042030420299, 82.1400501753916],
              [-61.31401314013135, 82.19729348870993],
              [-61.08721087210867, 82.33181527500801]
            ]
          ],
          [
            [
              [-79.9765997659976, 56.20167382802185],
              [-79.71739717397169, 56.30900504049373],
              [-79.86139861398608, 56.38628351347349],
              [-80.0594005940059, 56.30471179199486],
              [-79.9765997659976, 56.20167382802185]
            ]
          ],
          [
            [
              [-79.3933939339393, 52.08301743476778],
              [-79.65619656196557, 51.98713488495957],
              [-79.62019620196196, 51.91987399181053],
              [-79.33579335793353, 51.96280647679929],
              [-79.3933939339393, 52.08301743476778]
            ]
          ],
          [
            [
              [-80.75780757807573, 52.91876980921545],
              [-81.12141121411209, 53.20212421014119],
              [-81.42381423814233, 53.22931478396741],
              [-81.88101881018805, 53.17922688481386],
              [-82.06102061020604, 53.02323885602141],
              [-81.02781027810273, 52.75276420059228],
              [-80.70020700206997, 52.699814135772826],
              [-80.75780757807573, 52.91876980921545]
            ]
          ],
          [
            [
              [-79.28539285392849, 54.91369927835936],
              [-79.65259652596521, 54.85502488220807],
              [-79.75699756997565, 54.78060857489423],
              [-79.01899018990184, 54.94088985218556],
              [-79.28539285392849, 54.91369927835936]
            ]
          ],
          [
            [
              [-78.75618756187556, 56.16732784003085],
              [-78.67698676986765, 56.181638668360435],
              [-78.66978669786693, 56.44352682679181],
              [-78.75618756187556, 56.43494032979406],
              [-78.93618936189357, 56.12010210654323],
              [-78.75618756187556, 56.16732784003085]
            ]
          ],
          [
            [
              [-79.54459544595441, 56.04425471639644],
              [-79.64539645396448, 55.896853184601724],
              [-79.46899468994685, 55.87968019060624],
              [-79.15579155791552, 56.236019816012856],
              [-79.05139051390509, 56.22886440184806],
              [-79.130591305913, 56.5437026250989],
              [-79.29979299792993, 56.479303897615765],
              [-79.40779407794072, 56.23315765034694],
              [-79.55179551795513, 56.26607255550498],
              [-80.02700027000265, 55.89971535026764],
              [-79.90819908199077, 55.825299042953816],
              [-79.58419584195836, 56.11008452671253],
              [-79.54459544595441, 56.04425471639644]
            ]
          ],
          [
            [
              [-123.81783817838172, 59.99976766669326],
              [-139.0598203531421, 59.999373418939406],
              [-139.1970103684405, 60.08968876723012],
              [-139.07463424703732, 60.35015904397812],
              [-139.6921284376037, 60.33444101003643],
              [-139.981474988136, 60.181459631115395],
              [-140.4568332432011, 60.307675443667165],
              [-140.51584323348504, 60.21424295905092],
              [-140.99939732053403, 60.309314610063936],
              [-141.00441004410038, 69.65099029216424],
              [-140.22320223202223, 69.59947131017773],
              [-139.91719917199165, 69.6209375526721],
              [-139.14319143191426, 69.51360634020023],
              [-138.95598955989553, 69.40627512772838],
              [-138.09558095580948, 69.14009372079812],
              [-137.19197191971912, 68.9483286211817],
              [-136.6627666276662, 68.87534339670083],
              [-136.44316443164425, 68.90968938469183],
              [-136.44316443164425, 67.72618388183528],
              [-136.19116191161905, 67.564471521711],
              [-136.1155611556115, 67.37699967059345],
              [-136.230762307623, 67.18809673664295],
              [-136.16236162361616, 67.00348705119133],
              [-134.0363482708996, 67.00071293048155],
              [-133.76473764737642, 66.79884220607829],
              [-133.83313833138325, 66.72585698159742],
              [-133.59913599135984, 66.55985137297425],
              [-133.8187381873818, 66.3108429600395],
              [-133.5847358473584, 66.29223888321104],
              [-133.5667356673566, 66.15342384841408],
              [-133.7035370353703, 66.07185212693545],
              [-133.42633426334257, 65.94448575480216],
              [-132.9187291872918, 66.02605747628078],
              [-132.99432994329936, 65.92301951230779],
              [-132.56232562325616, 66.0289196419467],
              [-132.34632346323457, 65.94162358913624],
              [-132.56952569525689, 65.84430995649508],
              [-132.3715237152371, 65.77132473201421],
              [-132.180721807218, 65.58385288089667],
              [-132.32112321123205, 65.43931351476787],
              [-132.64512645126445, 65.27473898897766],
              [-132.71712717127164, 65.15595911384213],
              [-132.33552335523348, 65.03145490737475],
              [-132.51192511925112, 64.94272777173133],
              [-132.56952569525689, 64.77529108027521],
              [-132.0547205472054, 64.6965815244625],
              [-131.68031680316795, 64.52055833600863],
              [-131.81711817118165, 64.37745005271279],
              [-131.61911619116185, 64.36886355571504],
              [-131.38511385113844, 64.46760827118916],
              [-131.14391143911433, 64.42467578620042],
              [-131.06111061110605, 64.28013642007163],
              [-130.740707407074, 63.97388469381855],
              [-130.09630096300955, 63.78211959420213],
              [-130.1287012870128, 63.701978955556456],
              [-129.8226982269822, 63.477298950782],
              [-130.1287012870128, 63.31701767349067],
              [-129.84429844298435, 63.09090658588326],
              [-129.6138961389613, 63.07230250905479],
              [-129.76509765097643, 62.85191575277922],
              [-129.49509495094944, 62.607200588343346],
              [-129.17109171091704, 62.478403133377086],
              [-129.3078930789307, 62.32098402175167],
              [-129.1314913149131, 62.11633917663863],
              [-128.76428764287635, 62.06052694615326],
              [-128.54828548285477, 62.122063507970466],
              [-127.97227972279717, 61.68844540958409],
              [-127.53307533075323, 61.509560055464306],
              [-127.14427144271436, 61.46519648764259],
              [-126.88506885068844, 60.78256997632147],
              [-126.510665106651, 60.814053798646555],
              [-126.01386013860132, 60.80403621881584],
              [-125.90225902259016, 60.894194437292214],
              [-125.3226532265322, 60.7882943076533],
              [-124.86904869048684, 60.86271061496714],
              [-124.80424804248037, 60.96861074460605],
              [-124.59904599045984, 60.96431749610717],
              [-124.48024480244796, 60.7882943076533],
              [-124.620646206462, 60.68239417801439],
              [-124.41544415444147, 60.479180415734305],
              [-124.21744217442168, 60.462007421738804],
              [-124.19584195841952, 60.33034780110664],
              [-123.81783817838172, 59.99976766669326]
            ]
          ],
          [
            [
              [-138.86958869588688, 69.59231589601293],
              [-139.110791107911, 69.53650366552756],
              [-139.11439114391138, 69.65385245783017],
              [-138.86958869588688, 69.59231589601293]
            ]
          ]
        ]
      }
    },
    {
      "type": "Feature",
      "properties": { "name": "Mexico" },
      "geometry": {
        "type": "MultiPolygon",
        "coordinates": [
          [
            [
              [-112.21132211322107, 27.21079779795201],
              [-111.95211952119514, 27.093449005649433],
              [-112.01692016920163, 26.978962379012756],
              [-111.55971559715591, 26.69560797808701],
              [-111.31851318513179, 26.073086945750134],
              [-111.30771307713071, 25.779714964993673],
              [-111.02691026910263, 25.44770374774734],
              [-110.90450904509039, 25.142883104327225],
              [-110.65610656106554, 24.80657863858201],
              [-110.73890738907383, 24.55470805998135],
              [-110.56250562505619, 24.212679262904302],
              [-110.35010350103495, 24.113934547430176],
              [-110.33930339303387, 24.31571722687731],
              [-110.23130231302306, 24.342907800703514],
              [-109.82809828098274, 24.062415565443686],
              [-109.8244982449824, 23.910720785150104],
              [-109.68049680496799, 23.64883262671873],
              [-109.47529475294746, 23.560105491075305],
              [-109.42489424894242, 23.296786249810978],
              [-109.53289532895323, 23.107883315860477],
              [-109.89649896498959, 22.87461681408827],
              [-110.09810098100975, 23.0177250973841],
              [-110.16650166501658, 23.321114657971265],
              [-110.30690306903062, 23.541501414246852],
              [-110.57690576905763, 23.681747531876766],
              [-111.04131041310407, 24.103916967599474],
              [-111.80451804518039, 24.5461215629836],
              [-111.96651966519659, 24.77795698192284],
              [-112.14652146521459, 24.87383953173105],
              [-112.0637206372063, 25.625158019034174],
              [-112.19692196921963, 25.995808472770392],
              [-112.34452344523439, 26.177555992556094],
              [-112.49932499324987, 26.234799305874432],
              [-113.06093060930603, 26.599725428278802],
              [-113.16533165331647, 26.788628362229304],
              [-113.14733147331467, 26.970375882015006],
              [-113.28413284132834, 26.749989125739432],
              [-113.50373503735031, 26.792921610728172],
              [-113.63693636936362, 26.72566071757913],
              [-113.81693816938163, 26.948909639520636],
              [-114.00414004140035, 26.977531296179805],
              [-114.1157411574115, 27.104897668313086],
              [-114.4865448654486, 27.237988371778215],
              [-114.50814508145075, 27.406856146067298],
              [-114.73494734947343, 27.52134277270396],
              [-115.05535055350548, 27.860509404115092],
              [-114.49734497344967, 27.774644434137585],
              [-114.3245432454324, 27.874820232444677],
              [-114.10134101341006, 27.601483411349633],
              [-114.20521386514991, 27.99731165678255],
              [-114.06073035236324, 27.998641546711227],
              [-114.12654126541258, 28.255488266011596],
              [-114.04374043740431, 28.45870202829167],
              [-114.27054270542699, 28.659053624905837],
              [-114.47574475744752, 28.929528280334964],
              [-114.59094590945904, 28.965305351158918],
              [-114.97254972549719, 29.377457207050924],
              [-115.18855188551879, 29.428976189037414],
              [-115.69615696156956, 29.755263074951912],
              [-115.80775807758071, 29.95561467156608],
              [-115.83655836558358, 30.346300284963704],
              [-116.04896048960484, 30.479390988428833],
              [-116.06696066960663, 30.81283328850813],
              [-116.33696336963362, 30.95594157180396],
              [-116.30816308163075, 31.14913775425333],
              [-116.67536675366748, 31.552703113147587],
              [-116.62136621366207, 31.8575237565677],
              [-116.87980142951238, 32.02447856332308],
              [-116.92010133544844, 32.237344733139174],
              [-117.02343442759216, 32.274544646310915],
              [-117.12537125371247, 32.53156377089108],
              [-116.10656106561059, 32.61885982370154],
              [-114.72414724147235, 32.713311290676785],
              [-114.8177481774817, 32.49864886573303],
              [-114.42445359553727, 32.377143877887725],
              [-114.20214202142014, 32.41135281292257],
              [-114.1736922745571, 32.29967331852448],
              [-113.47123760254937, 32.082655972487835],
              [-113.33453334533338, 32.09937675533766],
              [-113.24442728806251, 32.012584871155426],
              [-111.36564481308916, 31.424228733701593],
              [-111.0740086647129, 31.333092437334013],
              [-110.12330123301227, 31.33374743970495],
              [-109.77049770497699, 31.41245699551766],
              [-109.27729277292767, 31.33374743970495],
              [-109.05049050490499, 31.332316356872],
              [-108.20891395066526, 31.334036563995188],
              [-108.20808799924437, 31.78282136984653],
              [-106.52993890642493, 31.782461154936904],
              [-106.3576635766357, 31.717277638937787],
              [-106.17012434565932, 31.45773175343585],
              [-106.00486004860042, 31.396715084355122],
              [-105.36405364053634, 30.850041442165036],
              [-104.97662183928337, 30.630950309039566],
              [-104.9765640647823, 30.63098194580293],
              [-104.68004680046795, 30.19317442183717],
              [-104.68004680046795, 29.967320195251077],
              [-104.54324543245427, 29.705175175798374],
              [-104.10134590390598, 29.36936738735542],
              [-103.79443794437938, 29.277281408743832],
              [-103.31203312033114, 29.025410830143173],
              [-103.14643146431459, 28.985340510820336],
              [-102.92322923229226, 29.19141643876634],
              [-102.68202682026815, 29.74381441228826],
              [-102.39239756533337, 29.76885701496859],
              [-102.32202322023214, 29.894078109748875],
              [-102.10911187808954, 29.803869852717828],
              [-101.40401404014034, 29.778160400279248],
              [-101.35514086928943, 29.6840092474581],
              [-101.18476697893465, 29.534753361678746],
              [-101.03681036810362, 29.4604600113625],
              [-100.66960669606691, 29.115569048619548],
              [-100.62354504873295, 28.9282397604625],
              [-100.62079329286017, 28.922288337023485],
              [-100.39600396003954, 28.59322381458975],
              [-100.28504676673998, 28.26436908036028],
              [-100.0756007560075, 28.153881384871553],
              [-99.8055980559805, 27.771782268471668],
              [-99.81743934935713, 27.762158783264503],
              [-99.77071673198223, 27.73391744903072],
              [-99.71199711997114, 27.67017538733164],
              [-99.57899030423584, 27.608026726979567],
              [-99.50319503195026, 27.339595252918258],
              [-99.36999369993694, 27.31956009325684],
              [-99.4455944559445, 27.04336110649588],
              [-99.25479254792542, 26.802939190558888],
              [-99.16839168391678, 26.571103771619633],
              [-99.02079020790202, 26.407960328662384],
              [-98.82278822788221, 26.370752175005464],
              [-98.6715867158671, 26.236230388707384],
              [-98.43969395107958, 26.206004460846934],
              [-98.20718207182065, 26.0673626144183],
              [-97.80037800377998, 26.05877611742055],
              [-97.44397443974434, 25.868442100637097],
              [-97.15597155971554, 25.948582739282756],
              [-97.16090530091874, 25.956980938209288],
              [-97.13797137971373, 25.965755733278257],
              [-97.16677166771662, 25.7239027345083],
              [-97.45837458374578, 25.180091257984145],
              [-97.65277652776521, 24.51606882349148],
              [-97.7175771757717, 24.008034417791265],
              [-97.76797767977673, 23.25957809615406],
              [-97.74277742777421, 22.97193044672943],
              [-97.89037890378899, 22.595555661661393],
              [-97.78237782377818, 22.273562024245777],
              [-97.76077760777602, 22.096107752958943],
              [-97.6095760957609, 21.83565067736052],
              [-97.31797317973174, 21.560882773432525],
              [-97.41877418774182, 21.273235124007897],
              [-97.47277472774722, 21.437809649798112],
              [-97.37917379173786, 21.553727359267725],
              [-97.72117721177206, 21.951568386830147],
              [-97.65637656376558, 21.636730163579315],
              [-97.49797497974974, 21.400601496141192],
              [-97.1955719557195, 20.8095642861294],
              [-97.14877148771482, 20.64642084317215],
              [-96.67716677166766, 20.158421597133355],
              [-96.4575645756457, 19.869342864875776],
              [-96.2775627756277, 19.31408272568794],
              [-95.97875978759782, 19.057918898588397],
              [-95.80595805958053, 18.751667172335317],
              [-95.20835208352078, 18.708734687346578],
              [-95.00315003150025, 18.55560882422003],
              [-94.80874808748082, 18.524125001894944],
              [-94.58194581945814, 18.189251618982695],
              [-94.46674466744662, 18.14488805116099],
              [-93.76833768337677, 18.280840920292036],
              [-93.58113581135805, 18.416793789423068],
              [-92.8575285752857, 18.465450605743655],
              [-92.6955269552695, 18.615714303204285],
              [-92.48672486724861, 18.648629208362323],
              [-92.06192061920613, 18.70157927318178],
              [-91.86031860318597, 18.60998997187245],
              [-92.03312033120325, 18.5599020727189],
              [-91.59391593915933, 18.44255328041632],
              [-91.33111331113305, 18.57278181821553],
              [-91.26631266312657, 18.73592526117278],
              [-91.43191431914313, 18.880464627301563],
              [-90.93510935109346, 19.162387945394357],
              [-90.72990729907293, 19.375619287505145],
              [-90.70830708307078, 19.687595345090074],
              [-90.47790477904773, 19.92229292969523],
              [-90.48870488704881, 20.534796382201407],
              [-90.38070380703802, 20.823875114458986],
              [-90.33390333903334, 21.032813208070905],
              [-89.78669786697861, 21.284683786671565],
              [-89.12429124291238, 21.363393342484272],
              [-88.70308703087025, 21.45927589229248],
              [-88.4474844748447, 21.57519360176211],
              [-88.13068130681302, 21.616695003917897],
              [-87.54027540275398, 21.49934621161532],
              [-87.23787237872374, 21.443533981129946],
              [-87.13347133471329, 21.619557169583814],
              [-86.82746827468269, 21.43351640129923],
              [-86.74106741067405, 21.16447282870307],
              [-86.87426874268738, 20.85535893678407],
              [-87.23427234272337, 20.493294980045604],
              [-87.44307443074425, 20.191336502291406],
              [-87.4754747547475, 19.87506719620761],
              [-87.74187741877414, 19.6146101206092],
              [-87.43227432274317, 19.491536996974773],
              [-87.6554765547655, 19.372757121839243],
              [-87.68787687876873, 19.24252858404003],
              [-87.48267482674821, 19.319807057019773],
              [-87.72387723877233, 18.68154411352036],
              [-87.84627846278457, 18.196407033147494],
              [-87.93627936279357, 18.44255328041632],
              [-88.07668076680761, 18.498365510901692],
              [-88.00108001080005, 18.69013061051811],
              [-88.03708037080365, 18.874740295969744],
              [-88.3034830348303, 18.48119251690619],
              [-88.49068490684901, 18.484054682572108],
              [-88.7354873548735, 18.051867667018698],
              [-88.87948879488789, 17.88872422406145],
              [-89.13149131491309, 17.970295945540073],
              [-89.15309153091525, 17.941674288880904],
              [-89.16029160291598, 17.81430791674761],
              [-90.96390963909633, 17.815738999580574],
              [-90.98910989109885, 17.80142817125099],
              [-90.99270992709921, 17.251892363394987],
              [-91.43191431914313, 17.254754529060904],
              [-91.43911439114386, 17.253323446227952],
              [-91.29151291512909, 17.18892471874483],
              [-91.06831068310677, 16.918450063315703],
              [-90.73710737107365, 16.746720123360703],
              [-90.38070380703802, 16.36748317262675],
              [-90.44764124341064, 16.073355627060284],
              [-91.73056910706731, 16.074369393034143],
              [-92.20954131748228, 15.260540908037425],
              [-92.07272072720721, 15.073784291632407],
              [-92.1555215552155, 14.996505818652665],
              [-92.16272162721621, 14.701702755063252],
              [-92.24552245522449, 14.545714726270788],
              [-92.83952839528389, 15.18254658693725],
              [-93.65673656736561, 15.839413607265115],
              [-94.08514085140845, 16.148527499184112],
              [-94.41634416344158, 16.29306686531291],
              [-94.43794437944373, 16.222943806497952],
              [-94.09234092340918, 16.098439600030574],
              [-94.11394113941134, 16.056938197874786],
              [-94.43794437944373, 16.187166735673998],
              [-94.70074700747001, 16.19575323267175],
              [-94.85194851948513, 16.429019734443955],
              [-95.06435064350637, 16.268738457152622],
              [-94.80514805148046, 16.237254634827536],
              [-95.2335523355233, 16.15854507901483],
              [-95.43515435154346, 15.975366476396161],
              [-95.96075960759602, 15.827964944601447],
              [-96.23796237962374, 15.683425578472665],
              [-96.55476554765542, 15.659097170312364],
              [-96.84636846368458, 15.732082394793238],
              [-97.2675726757267, 15.935296157073324],
              [-97.7715777157771, 15.97965972489503],
              [-98.17118171181706, 16.208632978168367],
              [-98.55278552785522, 16.31882635630616],
              [-98.77598775987754, 16.554955023744284],
              [-98.85518855188546, 16.52776444991808],
              [-99.74079740797401, 16.730978212198153],
              [-99.99279992799922, 16.909863566317952],
              [-101.05841058410579, 17.26477210889162],
              [-101.18081180811802, 17.41217364068632],
              [-101.64521645216446, 17.66833746778586],
              [-101.81081810818102, 17.8901553068944],
              [-102.0376203762037, 17.99033110520149],
              [-102.16722167221666, 17.921639129219486],
              [-102.74322743227427, 18.067609578181234],
              [-103.49923499234987, 18.33379098511149],
              [-103.74043740437398, 18.69013061051811],
              [-103.9816398163981, 18.874740295969744],
              [-104.59364593645931, 19.14950819989774],
              [-105.01845018450179, 19.36846387334036],
              [-105.08685086850862, 19.56166005578973],
              [-105.25245252452518, 19.66612910259569],
              [-105.52605526055254, 20.032486307833025],
              [-105.69885698856983, 20.40743001006811],
              [-105.32805328053274, 20.513330139707023],
              [-105.29205292052914, 20.685060079662023],
              [-105.47925479254786, 20.75088988997811],
              [-105.45405454054534, 20.86680759944774],
              [-105.23445234452339, 21.06143486473006],
              [-105.19845198451978, 21.49219079745052],
              [-105.41445414454138, 21.60095309275536],
              [-105.63405634056335, 21.955861635329015],
              [-105.72405724057235, 22.5096906916839],
              [-106.42966429664291, 23.23095643949489],
              [-107.03447034470338, 23.98084384396506],
              [-107.62487624876242, 24.458825510173142],
              [-107.9956799567995, 24.647728444123643],
              [-108.2836828368283, 25.107106033503257],
              [-108.44928449284487, 25.268818393627555],
              [-108.78048780487799, 25.43339291941777],
              [-108.7696876968769, 25.540724131889633],
              [-109.03609036090354, 25.46487674174284],
              [-108.89928899288986, 25.701005409180965],
              [-109.12969129691291, 25.583656616878386],
              [-109.43929439294386, 25.794025793323257],
              [-109.43209432094315, 26.02156796376363],
              [-109.29169291692911, 26.236230388707384],
              [-109.2844928449284, 26.240523637206266],
              [-109.23049230492299, 26.2634209625336],
              [-109.15489154891543, 26.307784530355306],
              [-109.14049140491399, 26.332112938515593],
              [-109.52929529295287, 26.751420208572384],
              [-109.76689766897663, 26.70705664075068],
              [-109.98289982899823, 27.114915248143802],
              [-110.28890288902883, 27.14783015330184],
              [-110.52290522905223, 27.29952493359542],
              [-110.6165061650616, 27.811852587794505],
              [-110.80730807308066, 27.927770297264132],
              [-110.88650886508859, 27.839043161620722],
              [-111.25011250112495, 28.05227450373151],
              [-111.47331473314726, 28.381423555311926],
              [-111.70731707317067, 28.460133111124634],
              [-111.92331923319227, 28.80216190820167],
              [-112.1537215372153, 28.9867715936533],
              [-112.24012240122394, 29.315920645233717],
              [-112.68652686526859, 29.90838893807846],
              [-112.87012870128694, 30.42787200644233],
              [-113.12933129331287, 30.81283328850813],
              [-113.05013050130495, 31.15629316841813],
              [-113.55053550535499, 31.29510820321508],
              [-113.6585365853658, 31.4968908826622],
              [-113.93933939339387, 31.59992884663521],
              [-114.15894158941583, 31.494028716996283],
              [-114.93294932949323, 31.909042738554206],
              [-114.7817478174781, 31.65574107712058],
              [-114.85374853748532, 31.526943622154334],
              [-114.88974889748891, 31.163448582582916],
              [-114.72054720547199, 30.941630743474377],
              [-114.63054630546299, 30.42500984077641],
              [-114.65934659346587, 30.183156842006454],
              [-114.39294392943923, 29.78245364877813],
              [-114.20934209342087, 29.74524549512121],
              [-113.6225362253622, 29.252953000583545],
              [-113.52533525335247, 28.890889043845092],
              [-113.43533435334346, 28.959581019827084],
              [-113.25893258932582, 28.84080114469154],
              [-113.10413104131035, 28.50449667894634],
              [-112.84492844928442, 28.441529034296167],
              [-112.87372873728731, 28.28410992267075],
              [-112.76792060823227, 28.014107074173012],
              [-112.76212762127615, 27.999324438912055],
              [-112.77292772927723, 27.86337156978101],
              [-112.59652596525959, 27.65443347616909],
              [-112.37332373323727, 27.564275257692714],
              [-112.21132211322107, 27.21079779795201]
            ]
          ],
          [
            [
              [-115.18135181351808, 28.02794609557121],
              [-115.35775357753572, 28.08232724322363],
              [-115.1957519575195, 28.34135323598909],
              [-115.18135181351808, 28.02794609557121]
            ]
          ],
          [
            [
              [-111.75771757717571, 24.355787546200133],
              [-112.00252002520018, 24.506051243660764],
              [-111.75411754117535, 24.447376847509474],
              [-111.75771757717571, 24.355787546200133]
            ]
          ],
          [
            [
              [-112.20772207722071, 24.818027301245678],
              [-112.10332103321026, 24.61767570463151],
              [-112.30492304923042, 24.792267810252426],
              [-112.13932139321386, 25.265956227961638],
              [-112.20772207722071, 24.818027301245678]
            ]
          ],
          [
            [
              [-111.23211232112315, 25.824078532815392],
              [-111.17451174511739, 26.043034206258014],
              [-111.08091080910803, 25.99867063843631],
              [-111.23211232112315, 25.824078532815392]
            ]
          ],
          [
            [
              [-112.43812438124375, 29.20143401859704],
              [-112.28332283322827, 29.225762426757342],
              [-112.19692196921963, 29.02111758164429],
              [-112.27612276122755, 28.767815920210666],
              [-112.58212582125815, 28.875147132682542],
              [-112.43812438124375, 29.20143401859704]
            ]
          ],
          [
            [
              [-86.9354693546935, 20.547676127698026],
              [-86.74826748267478, 20.59203969551973],
              [-86.99666996669961, 20.261459561106363],
              [-86.9354693546935, 20.547676127698026]
            ]
          ],
          [
            [
              [-118.35658356583559, 29.14991503661055],
              [-118.25218252182515, 29.089809557626296],
              [-118.2845828458284, 28.892320126678044],
              [-118.35658356583559, 29.14991503661055]
            ]
          ],
          [
            [
              [-113.59013590135895, 29.40894102937601],
              [-113.51093510935102, 29.549187147005924],
              [-113.18333183331826, 29.290161154240465],
              [-113.13653136531359, 29.06548114946601],
              [-113.11493114931143, 28.983909427987385],
              [-113.59013590135895, 29.40894102937601]
            ]
          ]
        ]
      }
    }
  ]
}
