{
  "type": "FeatureCollection",
  "features": [
    {
      "type": "Feature",
      "geometry": {
        "type": "MultiPolygon",
        "coordinates": [
          [
            [
              [-90.3015, 36.09782],
              [-89.7399, 36.00051],
              [-89.5167, 36.35112],
              [-89.5707, 36.54861],
              [-89.08829, 36.7461],
              [-89.10989, 36.91211],
              [-89.46269, 37.20548],
              [-89.7687, 37.29707],
              [-89.7471, 37.5103],
              [-90.57151, 37.63051],
              [-91.06831, 37.58758],
              [-91.09711, 37.83516],
              [-90.74791, 37.92388],
              [-90.69751, 38.65946],
              [-90.56071, 38.79398],
              [-90.72631, 39.25193],
              [-91.30231, 39.67982],
              [-91.51112, 40.12346],
              [-91.35991, 40.60144],
              [-91.37071, 41.16099],
              [-91.82792, 41.27977],
              [-92.17352, 41.16242],
              [-93.23913, 41.19105],
              [-93.33273, 40.73024],
              [-93.72154, 40.62291],
              [-94.27234, 40.61575],
              [-94.90955, 40.73024],
              [-95.12555, 40.57854],
              [-95.75556, 40.59142],
              [-96.06516, 40.45976],
              [-95.99676, 40.26084],
              [-95.48555, 40.24796],
              [-95.42075, 40.05906],
              [-95.06435, 39.863],
              [-95.10755, 39.57392],
              [-94.85915, 39.27483],
              [-94.15714, 39.17036],
              [-94.23994, 38.83548],
              [-94.60715, 38.81831],
              [-94.61795, 36.49996],
              [-93.29572, 36.49787],
              [-90.2475, 36.49709],
              [-90.2907, 36.20086],
              [-90.3015, 36.09782]
            ]
          ],
          [
            [
              [-94.45594, 34.66817],
              [-94.45234, 34.78695],
              [-94.46674, 35.59408],
              [-94.80515, 35.63844],
              [-94.79075, 36.10927],
              [-95.40635, 36.04344],
              [-95.45315, 36.9994],
              [-96.15516, 36.9994],
              [-96.19116, 36.15077],
              [-96.10836, 35.90319],
              [-96.72037, 35.94183],
              [-96.69157, 36.26526],
              [-97.64198, 36.18369],
              [-97.30717, 35.44668],
              [-97.13077, 35.73862],
              [-96.44676, 35.68138],
              [-96.45036, 35.40804],
              [-95.66556, 35.22915],
              [-96.04356, 35.10465],
              [-96.09036, 34.79983],
              [-95.68356, 34.7111],
              [-94.45594, 34.66817]
            ]
          ],
          [
            [
              [-90.0963, 35.36081],
              [-90.50311, 35.44239],
              [-90.50671, 35.18479],
              [-90.2115, 35.02594],
              [-90.0963, 35.36081]
            ]
          ]
        ]
      },
      "properties": { "zone_key": "US-MIDW-AECI" }
    },
    {
      "type": "Feature",
      "geometry": {
        "type": "Polygon",
        "coordinates": [
          [
            [-118.83628, 48.99188],
            [-118.87139, 48.65414],
            [-118.92539, 47.94576],
            [-118.97579, 46.91108],
            [-119.36819, 46.74222],
            [-118.22698, 46.73935],
            [-118.21618, 46.63918],
            [-117.73738, 46.47174],
            [-117.60418, 45.99948],
            [-117.97858, 45.89645],
            [-117.74818, 45.86067],
            [-117.72658, 45.51435],
            [-117.47817, 45.16516],
            [-116.78337, 45.0793],
            [-116.69337, 45.25675],
            [-115.99496, 45.20523],
            [-114.69535, 45.19665],
            [-114.59455, 45.53438],
            [-114.41094, 45.95226],
            [-114.37494, 46.66637],
            [-114.91495, 46.82665],
            [-115.51976, 47.4964],
            [-115.01935, 47.4091],
            [-114.25614, 47.12002],
            [-114.32814, 47.56223],
            [-114.99055, 47.9844],
            [-115.48015, 47.91857],
            [-116.04895, 48.50274],
            [-116.78337, 48.50102],
            [-116.78577, 48.84794],
            [-117.0333, 48.99955],
            [-118.83628, 48.99188]
          ]
        ]
      },
      "properties": { "zone_key": "US-NW-AVA" }
    },
    {
      "type": "Feature",
      "geometry": {
        "type": "MultiPolygon",
        "coordinates": [
          [
            [
              [-113.33453, 32.09938],
              [-113.24443, 32.01258],
              [-111.36564, 31.42423],
              [-111.16371, 31.72586],
              [-110.74251, 31.73159],
              [-111.09531, 31.9391],
              [-111.17811, 32.11369],
              [-110.94051, 32.36556],
              [-110.70291, 32.29687],
              [-110.56971, 31.73159],
              [-110.4509, 31.73159],
              [-110.4509, 33.16124],
              [-110.85411, 33.10113],
              [-111.04131, 33.46606],
              [-111.25011, 33.46463],
              [-111.28251, 33.10829],
              [-112.20052, 33.19416],
              [-112.20412, 32.75195],
              [-112.68653, 33.00382],
              [-112.70453, 32.5058],
              [-113.25173, 32.5058],
              [-113.33453, 32.60026],
              [-113.33453, 33.15122],
              [-113.66934, 33.02099],
              [-113.62974, 32.39561],
              [-113.33453, 32.39561],
              [-113.33453, 32.09938]
            ]
          ],
          [
            [
              [-109.28089, 31.53696],
              [-109.7705, 31.41246],
              [-109.27729, 31.33375],
              [-109.28089, 31.53696]
            ]
          ],
          [
            [
              [-109.8029, 35.19624],
              [-111.28251, 35.16762],
              [-111.32211, 35.56689],
              [-111.58852, 35.70427],
              [-111.80092, 36.0048],
              [-112.33012, 36.13932],
              [-112.89173, 35.8159],
              [-113.33453, 35.44954],
              [-113.33453, 34.50073],
              [-113.25893, 34.34761],
              [-112.97453, 33.99985],
              [-112.29772, 33.88823],
              [-112.15732, 34.03993],
              [-111.44451, 33.99842],
              [-111.18891, 33.81381],
              [-110.80731, 33.98984],
              [-110.74971, 34.4993],
              [-110.2313, 34.47497],
              [-109.8929, 34.30181],
              [-109.7957, 34.66531],
              [-109.8029, 35.19624]
            ]
          ],
          [
            [
              [-114.75544, 32.64156],
              [-114.42445, 32.37714],
              [-114.20214, 32.41135],
              [-114.52615, 32.75767],
              [-114.75544, 32.64156]
            ]
          ],
          [
            [
              [-114.15534, 34.25888],
              [-114.32454, 34.13724],
              [-114.27774, 33.68359],
              [-113.79894, 33.55622],
              [-113.33453, 33.54334],
              [-113.65854, 33.7809],
              [-113.35253, 34.29895],
              [-113.65134, 34.22024],
              [-114.15534, 34.25888]
            ]
          ]
        ]
      },
      "properties": { "zone_key": "US-SW-AZPS" }
    },
    {
      "type": "Feature",
      "geometry": {
        "type": "MultiPolygon",
        "coordinates": [
          [
            [
              [-123.03663, 40.36388],
              [-122.74143, 40.66584],
              [-122.45342, 41.11377],
              [-122.58663, 41.35705],
              [-122.95023, 41.18532],
              [-123.39303, 41.16099],
              [-123.59824, 40.93059],
              [-123.54424, 40.00182],
              [-123.00423, 39.97749],
              [-123.03663, 40.36388]
            ]
          ],
          [
            [
              [-121.46701, 38.26019],
              [-121.07101, 38.29167],
              [-121.07101, 38.60794],
              [-121.27621, 38.79541],
              [-121.55702, 38.73674],
              [-121.46701, 38.26019]
            ]
          ]
        ]
      },
      "properties": { "zone_key": "US-CAL-BANC" }
    },
    {
      "type": "Feature",
      "geometry": {
        "type": "MultiPolygon",
        "coordinates": [
          [
            [
              [-123.95824, 46.28427],
              [-123.38943, 46.14975],
              [-123.26343, 45.68465],
              [-122.92863, 45.70039],
              [-122.81343, 45.90646],
              [-123.21215, 46.17354],
              [-123.21663, 46.38588],
              [-123.15903, 46.79374],
              [-123.20231, 47.08435],
              [-123.48914, 47.08358],
              [-123.50464, 47.51786],
              [-122.98623, 47.60659],
              [-123.00783, 48.08887],
              [-124.05184, 48.17759],
              [-124.72145, 48.38796],
              [-124.67105, 47.98297],
              [-124.40824, 47.68244],
              [-124.09864, 46.7966],
              [-123.88624, 46.74937],
              [-123.95824, 46.28427]
            ]
          ],
          [
            [
              [-122.36702, 48.15183],
              [-122.03222, 48.16042],
              [-121.92062, 47.87563],
              [-121.25101, 47.77975],
              [-121.15741, 47.87563],
              [-120.92701, 48.16185],
              [-121.06021, 48.38224],
              [-121.44541, 48.29637],
              [-122.43542, 48.2606],
              [-122.36702, 48.15183]
            ]
          ],
          [
            [
              [-120.79843, 48.99188],
              [-120.68941, 48.57543],
              [-120.3222, 48.12607],
              [-119.883, 48.22482],
              [-120.12197, 48.99188],
              [-120.79843, 48.99188]
            ]
          ],
          [
            [
              [-120.0846, 47.33325],
              [-120.67861, 47.35186],
              [-120.3186, 47.07852],
              [-120.2826, 46.73649],
              [-119.937, 46.66923],
              [-120.0846, 47.23308],
              [-120.0846, 47.33325]
            ]
          ],
          [
            [
              [-119.36819, 46.74222],
              [-119.45459, 46.67925],
              [-119.24939, 46.32005],
              [-118.77419, 46.29143],
              [-118.58699, 46.53042],
              [-118.21618, 46.63918],
              [-118.22698, 46.73935],
              [-119.36819, 46.74222]
            ]
          ],
          [
            [
              [-124.48024, 42.95414],
              [-124.40824, 42.26865],
              [-124.20664, 41.93092],
              [-123.83584, 41.99531],
              [-124.03744, 42.37026],
              [-124.15984, 42.88259],
              [-124.48024, 42.95414]
            ]
          ],
          [
            [
              [-114.99055, 47.9844],
              [-114.84655, 48.22625],
              [-114.88615, 48.574],
              [-114.63415, 48.73428],
              [-114.72552, 48.99188],
              [-117.0333, 48.99955],
              [-116.78577, 48.84794],
              [-116.78337, 48.50102],
              [-116.04895, 48.50274],
              [-115.48015, 47.91857],
              [-114.99055, 47.9844]
            ]
          ],
          [
            [
              [-117.97858, 45.89645],
              [-118.11898, 45.48573],
              [-118.65539, 45.33976],
              [-118.54739, 45.09504],
              [-118.51859, 44.9963],
              [-117.62578, 44.99343],
              [-117.47817, 45.16516],
              [-117.72658, 45.51435],
              [-117.74818, 45.86067],
              [-117.97858, 45.89645]
            ]
          ],
          [
            [
              [-107.90951, 45.00068],
              [-107.67168, 44.68003],
              [-107.23247, 44.55838],
              [-106.00949, 44.56423],
              [-106.01137, 44.99287],
              [-107.90951, 45.00068]
            ]
          ],
          [
            [
              [-118.87139, 48.65414],
              [-118.99379, 48.44234],
              [-119.36819, 48.43519],
              [-119.28899, 48.11462],
              [-118.92539, 47.94576],
              [-118.87139, 48.65414]
            ]
          ],
          [
            [
              [-111.05211, 44.56125],
              [-111.04491, 43.33051],
              [-110.74971, 43.23463],
              [-110.0585, 43.40922],
              [-110.0549, 43.93873],
              [-110.3645, 44.55266],
              [-110.66691, 44.66715],
              [-111.05211, 44.56125]
            ]
          ],
          [
            [
              [-119.6706, 44.99486],
              [-120.495, 45.06785],
              [-120.3582, 44.43674],
              [-119.6562, 44.30651],
              [-119.6706, 44.99486]
            ]
          ],
          [
            [
              [-121.52434, 46.38763],
              [-122.23993, 46.38534],
              [-122.24579, 46.05624],
              [-122.71983, 45.86926],
              [-122.76663, 45.65602],
              [-122.29502, 45.5444],
              [-122.04302, 45.61023],
              [-121.81262, 45.70611],
              [-121.13221, 45.61023],
              [-120.59221, 45.74618],
              [-120.2106, 45.72615],
              [-119.86625, 46.04089],
              [-121.52444, 46.04457],
              [-121.52434, 46.38763]
            ]
          ]
        ]
      },
      "properties": { "zone_key": "US-NW-BPAT" }
    },
    {
      "type": "Feature",
      "geometry": {
        "type": "Polygon",
        "coordinates": [
          [
            [-121.15741, 47.87563],
            [-121.08901, 47.57224],
            [-120.67861, 47.35186],
            [-120.0846, 47.33325],
            [-120.3114, 47.49067],
            [-119.9154, 47.89424],
            [-120.3222, 48.12607],
            [-120.68941, 48.57543],
            [-121.06021, 48.38224],
            [-120.92701, 48.16185],
            [-121.15741, 47.87563]
          ]
        ]
      },
      "properties": { "zone_key": "US-NW-CHPD" }
    },
    {
      "type": "Feature",
      "geometry": {
        "type": "Polygon",
        "coordinates": [
          [
            [-114.15534, 34.25888],
            [-114.51535, 34.56513],
            [-114.96535, 34.55511],
            [-114.96535, 35.00304],
            [-114.79124, 35.13132],
            [-117.34606, 37.10949],
            [-120.00076, 38.99793],
            [-120.0054, 39.16606],
            [-120.0018, 39.66408],
            [-120.2466, 40.10056],
            [-121.06021, 40.43543],
            [-121.67222, 40.44688],
            [-122.90343, 40.32095],
            [-123.03663, 40.36388],
            [-123.00423, 39.97749],
            [-123.54424, 40.00182],
            [-123.59824, 40.93059],
            [-123.39303, 41.16099],
            [-123.47943, 41.33988],
            [-123.99424, 41.46438],
            [-124.16704, 40.81896],
            [-124.38664, 40.48552],
            [-124.36144, 40.27658],
            [-123.84304, 39.80576],
            [-123.72784, 38.93137],
            [-123.09783, 38.4033],
            [-122.75583, 37.93533],
            [-122.33177, 37.79447],
            [-122.51463, 37.55896],
            [-122.37782, 37.18115],
            [-121.79822, 36.82624],
            [-121.94582, 36.61587],
            [-121.89542, 36.31392],
            [-121.50302, 36.00194],
            [-121.27621, 35.66564],
            [-120.63901, 35.13184],
            [-120.62461, 34.63526],
            [-120.4878, 34.48499],
            [-119.5662, 34.41487],
            [-119.14859, 34.11005],
            [-118.65899, 34.16872],
            [-118.54379, 34.31756],
            [-118.18738, 34.13295],
            [-118.39618, 33.93116],
            [-117.47097, 33.29576],
            [-117.12537, 32.53156],
            [-116.10656, 32.61886],
            [-116.28296, 33.04103],
            [-116.20736, 33.42885],
            [-116.32256, 33.58341],
            [-116.45576, 33.42742],
            [-116.87697, 33.48466],
            [-116.82297, 33.68645],
            [-116.33696, 33.69933],
            [-116.33696, 34.03277],
            [-115.77176, 34.03563],
            [-115.66736, 33.85818],
            [-115.12735, 33.42885],
            [-114.87535, 33.43028],
            [-114.70615, 33.17984],
            [-114.51175, 33.91113],
            [-114.32454, 34.13724],
            [-114.15534, 34.25888]
          ],
          [
            [-121.46701, 38.26019],
            [-121.55702, 38.73674],
            [-121.27621, 38.79541],
            [-121.07101, 38.60794],
            [-121.07101, 38.29167],
            [-121.46701, 38.26019]
          ],
          [
            [-120.58861, 37.63194],
            [-120.68941, 37.42587],
            [-121.20421, 37.36862],
            [-121.08901, 37.74071],
            [-120.80461, 37.96968],
            [-120.58861, 37.63194]
          ],
          [
            [-118.09378, 37.23696],
            [-117.88498, 36.46847],
            [-117.60418, 36.29245],
            [-118.07218, 36.13217],
            [-118.43578, 37.03804],
            [-118.09378, 37.23696]
          ]
        ]
      },
      "properties": { "zone_key": "US-CAL-CISO" }
    },
    {
      "type": "Feature",
      "geometry": {
        "type": "Polygon",
        "coordinates": [
          [
            [-76.55297, 35.43809],
            [-76.65377, 35.70571],
            [-76.98497, 35.65848],
            [-77.34137, 35.8159],
            [-77.20817, 36.05918],
            [-77.63658, 36.46847],
            [-78.46385, 36.54264],
            [-78.54739, 36.02627],
            [-78.27738, 35.86456],
            [-78.66979, 35.54829],
            [-79.08019, 35.61412],
            [-79.38259, 35.51823],
            [-79.8758, 35.50965],
            [-80.0522, 35.30214],
            [-79.9082, 34.84133],
            [-79.6742, 34.80412],
            [-78.54289, 33.85069],
            [-77.9844, 33.89505],
            [-77.56098, 34.41487],
            [-77.14697, 34.62953],
            [-76.80857, 34.69536],
            [-76.53857, 34.59089],
            [-76.19296, 34.95009],
            [-76.43416, 35.05886],
            [-76.55297, 35.43809]
          ]
        ]
      },
      "properties": { "zone_key": "US-CAR-CPLE" }
    },
    {
      "type": "Feature",
      "geometry": {
        "type": "Polygon",
        "coordinates": [
          [
            [-83.25263, 35.69569],
            [-83.36063, 35.43952],
            [-83.10863, 35.00447],
            [-82.88183, 35.31216],
            [-82.59383, 35.16905],
            [-82.17622, 35.40375],
            [-81.97102, 35.19195],
            [-81.70462, 35.35795],
            [-81.69382, 35.57977],
            [-81.94222, 35.7744],
            [-81.74422, 36.05203],
            [-81.90982, 36.22948],
            [-82.34542, 36.25095],
            [-82.88903, 35.94899],
            [-83.16263, 36.14934],
            [-83.25263, 35.69569]
          ]
        ]
      },
      "properties": { "zone_key": "US-CAR-CPLW" }
    },
    {
      "type": "Feature",
      "geometry": {
        "type": "Polygon",
        "coordinates": [
          [
            [-118.83628, 48.99188],
            [-120.12197, 48.99188],
            [-119.883, 48.22482],
            [-120.3222, 48.12607],
            [-119.9154, 47.89424],
            [-120.3114, 47.49067],
            [-120.0846, 47.33325],
            [-120.0846, 47.23308],
            [-119.34299, 47.61231],
            [-118.92539, 47.94576],
            [-119.28899, 48.11462],
            [-119.36819, 48.43519],
            [-118.99379, 48.44234],
            [-118.87139, 48.65414],
            [-118.83628, 48.99188]
          ]
        ]
      },
      "properties": { "zone_key": "US-NW-DOPD" }
    },
    {
      "type": "Feature",
      "geometry": {
        "type": "Polygon",
        "coordinates": [
          [
            [-78.46385, 36.54264],
            [-80.85731, 36.55821],
            [-81.67459, 36.59194],
            [-81.90982, 36.22948],
            [-81.74422, 36.05203],
            [-81.94222, 35.7744],
            [-81.69382, 35.57977],
            [-81.70462, 35.35795],
            [-81.97102, 35.19195],
            [-82.17622, 35.40375],
            [-82.59383, 35.16905],
            [-82.88183, 35.31216],
            [-83.10863, 35.00447],
            [-83.36063, 35.43952],
            [-83.25263, 35.69569],
            [-83.91504, 35.47387],
            [-84.31104, 35.07889],
            [-83.64504, 34.88856],
            [-83.27783, 34.97299],
            [-83.29223, 34.65386],
            [-82.84943, 34.42346],
            [-82.58663, 34.12436],
            [-82.12582, 34.04422],
            [-81.81262, 34.40056],
            [-81.64342, 34.53365],
            [-81.48501, 34.72971],
            [-81.22221, 34.62238],
            [-81.12501, 34.55655],
            [-80.70021, 34.81843],
            [-79.9082, 34.84133],
            [-80.0522, 35.30214],
            [-79.8758, 35.50965],
            [-79.38259, 35.51823],
            [-79.08019, 35.61412],
            [-78.66979, 35.54829],
            [-78.27738, 35.86456],
            [-78.54739, 36.02627],
            [-78.46385, 36.54264]
          ]
        ]
      },
      "properties": { "zone_key": "US-CAR-DUK" }
    },
    {
      "type": "Feature",
      "geometry": {
        "type": "Polygon",
        "coordinates": [
          [
            [-108.20809, 31.78282],
            [-106.52994, 31.78246],
            [-106.35766, 31.71728],
            [-105.36405, 30.85004],
            [-104.97656, 30.63098],
            [-104.91639, 30.66393],
            [-104.91899, 31.99986],
            [-104.84761, 32.00037],
            [-104.85144, 32.52007],
            [-105.35325, 32.51868],
            [-105.31632, 33.30615],
            [-106.37265, 33.47986],
            [-107.99928, 33.47751],
            [-107.76888, 32.94085],
            [-107.71848, 32.63889],
            [-108.22901, 32.51722],
            [-108.20809, 31.78282]
          ]
        ]
      },
      "properties": { "zone_key": "US-SW-EPE" }
    },
    {
      "type": "Feature",
      "geometry": {
        "type": "Polygon",
        "coordinates": [
          [
            [-104.97656, 30.63098],
            [-104.68005, 30.19317],
            [-104.54325, 29.70518],
            [-104.10135, 29.36937],
            [-103.14643, 28.98534],
            [-102.92323, 29.19142],
            [-102.68203, 29.74381],
            [-102.10911, 29.80387],
            [-101.40401, 29.77816],
            [-100.66961, 29.11557],
            [-100.28505, 28.26437],
            [-100.0756, 28.15388],
            [-99.8056, 27.77178],
            [-99.57899, 27.60803],
            [-99.44559, 27.04336],
            [-99.02079, 26.40796],
            [-98.20718, 26.06736],
            [-97.80038, 26.05878],
            [-97.44397, 25.86844],
            [-97.15597, 25.94858],
            [-97.23517, 26.32066],
            [-97.41877, 26.52102],
            [-97.48717, 27.03621],
            [-97.02637, 28.11238],
            [-95.34515, 28.90377],
            [-95.02475, 29.17138],
            [-95.23355, 29.46618],
            [-95.01755, 29.54919],
            [-94.91675, 29.69516],
            [-95.14355, 30.28906],
            [-95.35955, 30.50372],
            [-95.20115, 30.82428],
            [-94.80155, 31.13053],
            [-94.50635, 31.0461],
            [-94.33714, 31.26076],
            [-94.30834, 31.55986],
            [-93.82954, 31.58132],
            [-94.05994, 31.97917],
            [-94.59995, 31.97344],
            [-94.56395, 32.3999],
            [-94.88795, 32.36985],
            [-95.15435, 32.58451],
            [-95.12476, 33.384],
            [-94.84115, 33.38306],
            [-94.78355, 33.74226],
            [-95.14715, 33.93689],
            [-95.73756, 33.89682],
            [-96.39636, 33.73797],
            [-96.93637, 33.95406],
            [-97.11997, 33.7165],
            [-97.71038, 33.95263],
            [-97.88678, 33.85388],
            [-98.15678, 34.1215],
            [-98.42159, 34.08162],
            [-98.4244, 33.83627],
            [-98.95239, 33.83385],
            [-98.95608, 34.20145],
            [-99.38079, 34.45494],
            [-99.6544, 34.3748],
            [-100, 34.56227],
            [-100.00012, 36.05514],
            [-101.08721, 36.05775],
            [-101.08575, 35.18248],
            [-102.16773, 35.18335],
            [-102.17042, 34.74859],
            [-101.99921, 34.74949],
            [-101.99802, 34.31326],
            [-102.6156, 34.3118],
            [-102.59563, 33.38878],
            [-102.07579, 33.38832],
            [-102.07529, 32.95938],
            [-101.69202, 32.96232],
            [-101.69562, 32.08793],
            [-101.77622, 31.65174],
            [-102.28638, 31.65252],
            [-102.28638, 32.08643],
            [-103.06413, 32.00222],
            [-104.84761, 32.00037],
            [-104.91899, 31.99986],
            [-104.91639, 30.66393],
            [-104.97656, 30.63098]
          ]
        ]
      },
      "properties": { "zone_key": "US-TEX-ERCO" }
    },
    {
      "type": "Feature",
      "geometry": {
        "type": "MultiPolygon",
        "coordinates": [
          [
            [
              [-82.35262, 28.99106],
              [-82.03582, 28.95958],
              [-81.65782, 28.96101],
              [-81.63982, 29.16852],
              [-81.67942, 29.32451],
              [-82.02502, 29.49481],
              [-82.40662, 29.3703],
              [-82.50743, 29.21431],
              [-82.44262, 29.03543],
              [-82.35262, 28.99106]
            ]
          ],
          [
            [
              [-82.05022, 30.18602],
              [-82.14742, 29.8354],
              [-81.96022, 29.74668],
              [-81.64702, 29.83827],
              [-81.60742, 29.93558],
              [-81.70102, 30.15024],
              [-82.05022, 30.18602]
            ]
          ],
          [
            [
              [-80.95581, 28.34708],
              [-81.03501, 28.61326],
              [-81.29421, 28.57891],
              [-81.45981, 28.19538],
              [-81.09261, 28.18823],
              [-80.95581, 28.34708]
            ]
          ],
          [
            [
              [-81.86662, 28.02508],
              [-81.98182, 28.26121],
              [-82.05742, 28.17535],
              [-81.92422, 27.93493],
              [-81.86662, 28.02508]
            ]
          ],
          [
            [
              [-80.88741, 26.81296],
              [-80.88021, 26.37648],
              [-80.1242, 26.32782],
              [-80.045, 26.8473],
              [-80.1782, 26.95607],
              [-80.87301, 26.95893],
              [-80.88741, 26.81296]
            ]
          ]
        ]
      },
      "properties": { "zone_key": "US-FLA-FMPP" }
    },
    {
      "type": "Feature",
      "geometry": {
        "type": "MultiPolygon",
        "coordinates": [
          [
            [
              [-84.36504, 30.2218],
              [-84.55225, 30.0472],
              [-85.01665, 29.98996],
              [-85.30465, 29.74525],
              [-85.07785, 29.61788],
              [-84.41544, 29.92413],
              [-84.36504, 30.2218]
            ]
          ],
          [
            [
              [-85.97426, 30.40211],
              [-85.62506, 30.06581],
              [-85.39105, 30.20176],
              [-85.38745, 30.30194],
              [-85.72586, 30.24469],
              [-85.97426, 30.40211]
            ]
          ],
          [
            [
              [-82.44262, 29.03543],
              [-82.47142, 28.93811],
              [-82.35262, 28.99106],
              [-82.44262, 29.03543]
            ]
          ],
          [
            [
              [-81.29421, 28.57891],
              [-81.35901, 28.87228],
              [-81.63982, 28.7993],
              [-81.71902, 28.34708],
              [-81.86662, 28.02508],
              [-81.92422, 27.93493],
              [-81.93142, 27.64298],
              [-81.21861, 27.44406],
              [-81.21501, 27.72599],
              [-80.92701, 27.84477],
              [-80.95581, 28.34708],
              [-81.09261, 28.18823],
              [-81.45981, 28.19538],
              [-81.29421, 28.57891]
            ]
          ],
          [
            [
              [-82.03582, 28.95958],
              [-81.90262, 28.70628],
              [-81.63982, 28.7993],
              [-81.65782, 28.96101],
              [-82.03582, 28.95958]
            ]
          ],
          [
            [
              [-82.69103, 28.92953],
              [-82.57223, 28.7764],
              [-82.47142, 28.93811],
              [-82.69103, 28.92953]
            ]
          ],
          [
            [
              [-82.72343, 28.25549],
              [-82.82423, 27.91346],
              [-82.62623, 27.73028],
              [-82.65863, 28.15245],
              [-82.72343, 28.25549]
            ]
          ],
          [
            [
              [-82.40662, 29.3703],
              [-82.65503, 29.64507],
              [-82.79543, 29.52343],
              [-82.50743, 29.21431],
              [-82.40662, 29.3703]
            ]
          ]
        ]
      },
      "properties": { "zone_key": "US-FLA-FPC" }
    },
    {
      "type": "Feature",
      "geometry": {
        "type": "MultiPolygon",
        "coordinates": [
          [
            [
              [-80.88021, 26.37648],
              [-81.27261, 26.42227],
              [-81.56782, 26.68845],
              [-81.56422, 27.18075],
              [-81.98182, 27.29094],
              [-82.25902, 27.09202],
              [-82.37422, 27.51848],
              [-82.55783, 27.64012],
              [-82.71983, 27.52707],
              [-82.27702, 26.80866],
              [-82.20862, 26.57253],
              [-81.85942, 26.44803],
              [-81.68302, 25.84698],
              [-81.39501, 25.79259],
              [-81.06021, 25.26166],
              [-80.88381, 25.18725],
              [-80.87301, 25.97291],
              [-80.1242, 25.97434],
              [-80.1242, 26.32782],
              [-80.88021, 26.37648]
            ]
          ],
          [
            [
              [-81.63982, 29.16852],
              [-81.35901, 28.87228],
              [-81.29421, 28.57891],
              [-81.03501, 28.61326],
              [-80.95581, 28.34708],
              [-80.92701, 27.84477],
              [-80.78661, 27.86337],
              [-80.70741, 27.23656],
              [-81.12501, 26.96751],
              [-80.88741, 26.81296],
              [-80.87301, 26.95893],
              [-80.1782, 26.95607],
              [-80.1134, 27.06769],
              [-80.3294, 27.5929],
              [-80.70381, 28.30987],
              [-80.56341, 28.53741],
              [-80.84421, 28.89089],
              [-81.12501, 29.4805],
              [-81.34461, 30.11303],
              [-81.60742, 29.93558],
              [-81.64702, 29.83827],
              [-81.42021, 29.32164],
              [-81.67942, 29.32451],
              [-81.63982, 29.16852]
            ]
          ],
          [
            [
              [-82.23022, 30.41642],
              [-82.61183, 30.52948],
              [-82.45342, 30.12448],
              [-82.23022, 30.41642]
            ]
          ]
        ]
      },
      "properties": { "zone_key": "US-FLA-FPL" }
    },
    {
      "type": "Feature",
      "geometry": {
        "type": "Polygon",
        "coordinates": [
          [
            [-118.92539, 47.94576],
            [-119.34299, 47.61231],
            [-120.0846, 47.23308],
            [-119.937, 46.66923],
            [-119.45459, 46.67925],
            [-119.36819, 46.74222],
            [-118.97579, 46.91108],
            [-118.92539, 47.94576]
          ]
        ]
      },
      "properties": { "zone_key": "US-NW-GCPD" }
    },
    {
      "type": "Feature",
      "geometry": {
        "type": "Polygon",
        "coordinates": [
          [
            [-82.02502, 29.49481],
            [-81.96022, 29.74668],
            [-82.14742, 29.8354],
            [-82.53623, 29.92842],
            [-82.65503, 29.64507],
            [-82.40662, 29.3703],
            [-82.02502, 29.49481]
          ]
        ]
      },
      "properties": { "zone_key": "US-FLA-GVL" }
    },
    {
      "type": "Feature",
      "geometry": {
        "type": "Polygon",
        "coordinates": [
          [
            [-80.88381, 25.18725],
            [-80.64261, 25.08707],
            [-80.4014, 25.19154],
            [-80.1242, 25.97434],
            [-80.87301, 25.97291],
            [-80.88381, 25.18725]
          ]
        ]
      },
      "properties": { "zone_key": "US-FLA-HST" }
    },
    {
      "type": "Feature",
      "geometry": {
        "type": "Polygon",
        "coordinates": [
          [
            [-114.52615, 32.75767],
            [-114.52975, 33.03244],
            [-114.70615, 33.17984],
            [-114.87535, 33.43028],
            [-115.12735, 33.42885],
            [-115.66736, 33.85818],
            [-115.77176, 34.03563],
            [-116.33696, 34.03277],
            [-116.33696, 33.69933],
            [-116.32256, 33.58341],
            [-116.20736, 33.42885],
            [-116.28296, 33.04103],
            [-116.10656, 32.61886],
            [-114.75544, 32.64156],
            [-114.52615, 32.75767]
          ]
        ]
      },
      "properties": { "zone_key": "US-CAL-IID" }
    },
    {
      "type": "Feature",
      "geometry": {
        "type": "Polygon",
        "coordinates": [
          [
            [-117.47817, 45.16516],
            [-117.62578, 44.99343],
            [-118.51859, 44.9963],
            [-118.54739, 45.09504],
            [-118.65179, 44.99773],
            [-119.6706, 44.99486],
            [-119.6562, 44.30651],
            [-119.6562, 43.95876],
            [-119.8974, 43.6983],
            [-119.94399, 42.7462],
            [-119.36459, 42.7495],
            [-119.35682, 41.99338],
            [-114.04594, 41.99103],
            [-112.19332, 42.00104],
            [-111.89452, 42.33162],
            [-112.08532, 42.97131],
            [-111.59572, 43.01997],
            [-111.58852, 43.23177],
            [-111.87652, 43.36629],
            [-112.48132, 43.42497],
            [-112.69733, 43.62246],
            [-112.94573, 43.28472],
            [-113.36333, 43.28472],
            [-113.67654, 43.528],
            [-113.44613, 43.80563],
            [-113.41733, 44.23353],
            [-112.99613, 44.23353],
            [-113.19053, 44.79881],
            [-113.47493, 44.89469],
            [-113.80254, 45.59163],
            [-114.30294, 45.47141],
            [-114.59455, 45.53438],
            [-114.69535, 45.19665],
            [-115.99496, 45.20523],
            [-116.69337, 45.25675],
            [-116.78337, 45.0793],
            [-117.47817, 45.16516]
          ]
        ]
      },
      "properties": { "zone_key": "US-NW-IPCO" }
    },
    {
      "type": "Feature",
      "geometry": {
        "type": "Polygon",
        "coordinates": [
          [
            [-73.65854, 40.99356],
            [-72.97453, 41.23398],
            [-71.55252, 41.37422],
            [-71.21051, 41.56456],
            [-70.99091, 41.51161],
            [-70.4797, 41.76634],
            [-70.92611, 42.46185],
            [-70.71731, 42.66363],
            [-70.81811, 42.85253],
            [-70.57331, 43.28472],
            [-70.2025, 43.64678],
            [-69.7885, 43.74124],
            [-69.03609, 44.07611],
            [-68.19728, 44.23639],
            [-67.83728, 44.4625],
            [-67.19647, 44.64425],
            [-66.98047, 44.85462],
            [-67.16605, 45.17713],
            [-67.47367, 45.28251],
            [-67.43407, 45.54011],
            [-67.7978, 45.75067],
            [-67.79048, 47.03273],
            [-68.03168, 47.2431],
            [-68.38853, 47.30093],
            [-68.90649, 47.19015],
            [-69.24849, 47.43486],
            [-69.9433, 46.74937],
            [-70.2384, 46.24108],
            [-70.4077, 45.73187],
            [-70.68851, 45.57302],
            [-70.90811, 45.24673],
            [-71.2815, 45.2786],
            [-71.50572, 45.01347],
            [-73.40679, 45.00499],
            [-73.30213, 44.41957],
            [-73.42813, 44.03747],
            [-73.25173, 43.55663],
            [-73.27693, 42.75236],
            [-73.48213, 42.15416],
            [-73.54694, 41.33272],
            [-73.65854, 40.99356]
          ]
        ]
      },
      "properties": { "zone_key": "US-NE-ISNE" }
    },
    {
      "type": "Feature",
      "geometry": {
        "type": "MultiPolygon",
        "coordinates": [
          [
            [
              [-81.60742, 29.93558],
              [-81.34461, 30.11303],
              [-81.43101, 30.66973],
              [-81.92062, 30.81713],
              [-82.12942, 30.36347],
              [-82.05022, 30.18602],
              [-81.70102, 30.15024],
              [-81.60742, 29.93558]
            ]
          ],
          [
            [
              [-84.55225, 30.0472],
              [-84.87625, 30.72695],
              [-85.02385, 31.00031],
              [-85.46665, 30.99744],
              [-85.38745, 30.30194],
              [-85.39105, 30.20176],
              [-85.14265, 30.20033],
              [-85.01665, 29.98996],
              [-84.55225, 30.0472]
            ]
          ]
        ]
      },
      "properties": { "zone_key": "US-FLA-JEA" }
    },
    {
      "type": "Feature",
      "geometry": {
        "type": "MultiPolygon",
        "coordinates": [
          [
            [
              [-118.65899, 34.16872],
              [-118.39618, 33.93116],
              [-118.18738, 34.13295],
              [-118.54379, 34.31756],
              [-118.65899, 34.16872]
            ]
          ],
          [
            [
              [-118.09378, 37.23696],
              [-118.43578, 37.03804],
              [-118.07218, 36.13217],
              [-117.60418, 36.29245],
              [-117.88498, 36.46847],
              [-118.09378, 37.23696]
            ]
          ]
        ]
      },
      "properties": { "zone_key": "US-CAL-LDWP" }
    },
    {
      "type": "Feature",
      "geometry": {
        "type": "MultiPolygon",
        "coordinates": [
          [
            [
              [-83.81064, 36.74896],
              [-83.69184, 36.58296],
              [-82.85303, 36.87061],
              [-83.48663, 36.8978],
              [-83.81064, 36.74896]
            ]
          ],
          [
            [
              [-89.08829, 36.7461],
              [-88.73189, 36.8334],
              [-89.10989, 36.91211],
              [-89.08829, 36.7461]
            ]
          ],
          [
            [
              [-84.71785, 37.89956],
              [-84.29304, 37.85233],
              [-84.26784, 38.16431],
              [-84.66745, 38.34319],
              [-84.94105, 38.18005],
              [-84.71785, 37.89956]
            ]
          ],
          [
            [
              [-85.41625, 38.55213],
              [-85.78346, 38.06699],
              [-85.38745, 38.17719],
              [-85.41625, 38.55213]
            ]
          ],
          [
            [
              [-87.72388, 37.17686],
              [-87.23067, 37.13965],
              [-86.94987, 37.32569],
              [-87.11547, 37.47166],
              [-87.72388, 37.17686]
            ]
          ]
        ]
      },
      "properties": { "zone_key": "US-MIDW-LGEE" }
    },
    {
      "type": "Feature",
      "geometry": {
        "type": "MultiPolygon",
        "coordinates": [
          [
            [
              [-89.10989, 36.91211],
              [-88.73189, 36.8334],
              [-87.72388, 37.17686],
              [-87.11547, 37.47166],
              [-86.94987, 37.32569],
              [-86.81307, 37.55896],
              [-86.32706, 37.47882],
              [-86.23706, 37.58615],
              [-86.04986, 37.80797],
              [-85.78346, 38.06699],
              [-85.41625, 38.55213],
              [-84.78625, 38.88271],
              [-84.81145, 40.04332],
              [-85.20025, 39.99752],
              [-85.26145, 39.78858],
              [-85.86266, 40.00897],
              [-85.86266, 40.44975],
              [-86.02106, 40.84186],
              [-85.65386, 41.17817],
              [-85.74746, 41.43576],
              [-86.27666, 41.35419],
              [-86.82027, 41.68334],
              [-87.52588, 41.65042],
              [-87.52588, 40.93488],
              [-88.13068, 40.97638],
              [-88.32868, 40.67013],
              [-88.71389, 40.82612],
              [-89.06669, 40.69589],
              [-89.30789, 40.96493],
              [-89.02709, 41.39712],
              [-89.17829, 41.48871],
              [-89.8551, 41.45437],
              [-90.2655, 41.77207],
              [-90.0963, 42.05685],
              [-90.2907, 42.50764],
              [-87.79948, 42.48331],
              [-87.90388, 43.2747],
              [-87.79948, 43.71834],
              [-87.31707, 44.79022],
              [-87.60868, 44.83888],
              [-87.57988, 45.17089],
              [-87.15867, 45.66747],
              [-86.68347, 45.8392],
              [-86.37386, 45.78912],
              [-85.47025, 46.09394],
              [-84.97345, 45.9866],
              [-84.77905, 45.80629],
              [-84.57025, 46.0324],
              [-84.04464, 45.96371],
              [-84.22464, 46.53328],
              [-84.52345, 46.4331],
              [-85.03465, 46.48891],
              [-85.10305, 46.75939],
              [-85.50626, 46.67639],
              [-86.13986, 46.67352],
              [-86.60787, 46.49321],
              [-87.30987, 46.49178],
              [-87.60868, 46.78801],
              [-88.44028, 46.97691],
              [-88.44028, 47.35329],
              [-88.95869, 47.0084],
              [-90.0675, 46.66351],
              [-90.58231, 46.59768],
              [-90.79831, 46.96833],
              [-91.37431, 46.7923],
              [-92.01152, 46.83524],
              [-91.46071, 47.13433],
              [-91.05031, 47.4506],
              [-90.4887, 47.71392],
              [-89.6823, 47.94433],
              [-90.0243, 48.08457],
              [-91.69112, 48.11892],
              [-92.63433, 48.54252],
              [-93.25353, 48.64269],
              [-93.81874, 48.60692],
              [-94.55355, 48.71903],
              [-94.81595, 49.26665],
              [-95.1504, 48.99853],
              [-99.002, 48.99979],
              [-98.97279, 48.37035],
              [-99.07074, 48.0466],
              [-98.63559, 47.93145],
              [-98.41238, 48.19477],
              [-97.90478, 48.11892],
              [-97.88318, 47.75972],
              [-98.38358, 47.67242],
              [-98.34398, 47.24023],
              [-97.70678, 47.24023],
              [-97.68158, 46.75223],
              [-98.03438, 46.63059],
              [-98.00558, 46.21415],
              [-97.32517, 46.62057],
              [-96.77077, 46.60054],
              [-96.58717, 46.24706],
              [-96.48276, 45.49574],
              [-96.60157, 45.32688],
              [-96.45036, 44.54407],
              [-96.45727, 44.19669],
              [-96.44381, 43.49401],
              [-94.04914, 43.49938],
              [-94.44154, 43.27613],
              [-94.44154, 42.55916],
              [-95.32715, 42.56059],
              [-95.32393, 42.21141],
              [-94.62904, 42.20819],
              [-94.62875, 41.86222],
              [-94.27954, 41.86365],
              [-94.24154, 41.50412],
              [-94.93115, 41.50445],
              [-94.92755, 41.15813],
              [-95.88156, 41.15098],
              [-95.88516, 40.74741],
              [-95.75556, 40.59142],
              [-95.12555, 40.57854],
              [-94.90955, 40.73024],
              [-94.27234, 40.61575],
              [-93.72154, 40.62291],
              [-93.33273, 40.73024],
              [-93.23913, 41.19105],
              [-92.17352, 41.16242],
              [-91.82792, 41.27977],
              [-91.37071, 41.16099],
              [-91.35991, 40.60144],
              [-91.51112, 40.12346],
              [-91.30231, 39.67982],
              [-90.72631, 39.25193],
              [-90.56071, 38.79398],
              [-90.69751, 38.65946],
              [-90.74791, 37.92388],
              [-91.09711, 37.83516],
              [-91.06831, 37.58758],
              [-90.57151, 37.63051],
              [-89.7471, 37.5103],
              [-89.7687, 37.29707],
              [-89.46269, 37.20548],
              [-89.10989, 36.91211]
            ],
            [
              [-87.09188, 40.21394],
              [-86.69427, 40.21505],
              [-86.69539, 39.86415],
              [-87.09091, 39.8661],
              [-87.09188, 40.21394]
            ],
            [
              [-86.37641, 40.4343],
              [-86.69249, 40.43311],
              [-86.74785, 40.73805],
              [-86.374, 40.69132],
              [-86.37641, 40.4343]
            ]
          ],
          [
            [
              [-93.29572, 36.49787],
              [-93.32913, 36.12215],
              [-92.95833, 35.99765],
              [-93.05193, 35.40661],
              [-93.53794, 35.05027],
              [-93.85114, 34.96154],
              [-94.05274, 34.72971],
              [-93.97354, 34.13867],
              [-93.55954, 34.00558],
              [-93.55234, 33.79378],
              [-93.95914, 33.47608],
              [-93.86914, 33.24711],
              [-94.04194, 33.06393],
              [-93.53794, 32.96804],
              [-93.03753, 32.01637],
              [-92.85033, 31.79599],
              [-92.48672, 31.5985],
              [-92.79633, 31.45539],
              [-92.87553, 30.87723],
              [-93.57034, 30.87723],
              [-93.54154, 31.18348],
              [-93.82954, 31.58132],
              [-94.30834, 31.55986],
              [-94.33714, 31.26076],
              [-94.50635, 31.0461],
              [-94.80155, 31.13053],
              [-95.20115, 30.82428],
              [-95.35955, 30.50372],
              [-95.14355, 30.28906],
              [-94.91675, 29.69516],
              [-94.68635, 29.46618],
              [-93.76474, 29.7295],
              [-93.21033, 29.7753],
              [-92.29232, 29.53345],
              [-91.89992, 29.83397],
              [-91.15471, 29.35742],
              [-91.05751, 29.1814],
              [-90.73351, 29.1356],
              [-90.4599, 29.33739],
              [-90.2403, 29.13131],
              [-89.7435, 29.33309],
              [-89.6319, 29.7109],
              [-89.27909, 29.84828],
              [-89.6247, 30.24899],
              [-89.8443, 30.69119],
              [-89.7723, 30.88153],
              [-90.0063, 31.1334],
              [-89.9739, 31.75449],
              [-89.6535, 31.78025],
              [-89.7435, 32.41565],
              [-89.7795, 33.18128],
              [-89.31869, 33.10829],
              [-89.49149, 33.75228],
              [-90.3087, 33.89968],
              [-90.2151, 34.72398],
              [-89.8191, 34.62953],
              [-89.9883, 34.99446],
              [-90.2115, 35.02594],
              [-90.50671, 35.18479],
              [-90.50311, 35.44239],
              [-90.0963, 35.36081],
              [-89.7399, 36.00051],
              [-90.3015, 36.09782],
              [-90.4671, 35.96473],
              [-90.82351, 36.07349],
              [-90.72271, 36.26812],
              [-90.2907, 36.20086],
              [-90.2475, 36.49709],
              [-93.29572, 36.49787]
            ]
          ],
          [
            [
              [-83.20583, 42.01106],
              [-83.07983, 42.30872],
              [-82.577, 42.55919],
              [-82.41984, 43.00324],
              [-82.62263, 43.79705],
              [-82.91063, 44.06323],
              [-83.21663, 43.98166],
              [-83.62704, 43.62102],
              [-83.91144, 43.90009],
              [-83.33183, 44.31796],
              [-83.26703, 44.71437],
              [-83.48663, 45.35263],
              [-84.09144, 45.49574],
              [-84.61705, 45.84493],
              [-84.77905, 45.80629],
              [-85.01305, 45.75906],
              [-85.10665, 45.3741],
              [-85.38025, 45.04638],
              [-86.02106, 44.90327],
              [-86.26586, 44.71151],
              [-86.26586, 44.35517],
              [-86.51787, 44.06752],
              [-86.52147, 43.57809],
              [-86.26946, 43.11728],
              [-86.25146, 42.41892],
              [-85.30105, 42.42035],
              [-85.29385, 41.78495],
              [-85.16425, 41.52592],
              [-84.80425, 41.69622],
              [-84.36144, 41.73772],
              [-84.36144, 42.07402],
              [-83.42183, 42.09406],
              [-83.20583, 42.01106]
            ]
          ],
          [
            [
              [-95.02475, 29.17138],
              [-95.01755, 29.54919],
              [-95.23355, 29.46618],
              [-95.02475, 29.17138]
            ]
          ],
          [
            [
              [-104.30564, 46.64204],
              [-104.04644, 46.64204],
              [-104.04471, 47.32824],
              [-104.37404, 47.26027],
              [-104.30564, 47.04274],
              [-104.60805, 46.69356],
              [-104.30564, 46.64204]
            ]
          ]
        ]
      },
      "properties": { "zone_key": "US-MIDW-MISO" }
    },
    {
      "type": "Feature",
      "geometry": {
        "type": "Polygon",
        "coordinates": [
          [
            [-114.79124, 35.13132],
            [-114.62695, 35.12039],
            [-114.74575, 36.09639],
            [-114.04734, 36.21088],
            [-114.05009, 38.57289],
            [-112.54973, 38.5736],
            [-112.25452, 38.70526],
            [-112.01332, 39.05873],
            [-111.95932, 39.36642],
            [-111.74692, 39.42795],
            [-111.71452, 39.81291],
            [-112.03132, 39.78143],
            [-112.17892, 40.04761],
            [-112.26172, 40.76888],
            [-112.49189, 41.07658],
            [-112.79876, 41.00036],
            [-114.03986, 40.99974],
            [-114.04594, 41.99103],
            [-119.35682, 41.99338],
            [-119.30339, 41.32557],
            [-119.33939, 40.00182],
            [-119.17019, 39.67982],
            [-119.6634, 39.50809],
            [-119.6778, 39.28055],
            [-120.0054, 39.16606],
            [-120.00076, 38.99793],
            [-117.34606, 37.10949],
            [-114.79124, 35.13132]
          ]
        ]
      },
      "properties": { "zone_key": "US-NW-NEVP" }
    },
    {
      "type": "Feature",
      "geometry": {
        "type": "MultiPolygon",
        "coordinates": [
          [
            [
              [-114.59455, 45.53438],
              [-114.30294, 45.47141],
              [-113.80254, 45.59163],
              [-113.47493, 44.89469],
              [-113.19053, 44.79881],
              [-112.99613, 44.23353],
              [-112.99613, 44.00742],
              [-112.12492, 44.0575],
              [-111.91252, 44.1448],
              [-111.43011, 44.7201],
              [-111.05211, 44.56125],
              [-110.66691, 44.66715],
              [-110.3645, 44.55266],
              [-110.0549, 43.93873],
              [-109.7453, 43.8271],
              [-108.91369, 43.90438],
              [-108.55009, 44.07897],
              [-108.53929, 45.00059],
              [-107.90951, 45.00068],
              [-106.01137, 44.99287],
              [-105.03645, 45.00059],
              [-105.16965, 45.34548],
              [-105.00405, 45.53438],
              [-104.85645, 46.15404],
              [-105.18045, 46.42881],
              [-104.72685, 46.49464],
              [-104.60805, 46.69356],
              [-104.30564, 47.04274],
              [-104.37404, 47.26027],
              [-104.70525, 47.05992],
              [-105.49365, 46.81949],
              [-106.04806, 46.47747],
              [-106.59167, 46.00664],
              [-106.95527, 45.81201],
              [-107.93808, 45.85494],
              [-108.07488, 45.37983],
              [-108.45288, 45.33403],
              [-108.69769, 45.52293],
              [-109.11529, 45.62168],
              [-109.03249, 45.98517],
              [-109.6877, 45.96228],
              [-110.1845, 47.14149],
              [-111.57772, 47.0914],
              [-111.57772, 47.29748],
              [-112.70453, 47.26742],
              [-112.82693, 47.7039],
              [-112.69733, 47.91141],
              [-112.25092, 48.05738],
              [-111.68932, 48.05881],
              [-111.54172, 48.2606],
              [-111.17091, 48.12035],
              [-111.16371, 47.88851],
              [-110.51571, 47.79549],
              [-110.51211, 47.62663],
              [-109.6409, 47.62663],
              [-109.01089, 47.82555],
              [-108.70129, 47.62663],
              [-107.82648, 47.54362],
              [-107.41967, 47.68816],
              [-106.74647, 47.70677],
              [-106.40446, 48.05738],
              [-105.84286, 48.01016],
              [-105.80138, 48.56113],
              [-106.01926, 48.56542],
              [-106.01947, 48.99909],
              [-110.0009, 48.99331],
              [-114.06534, 48.99188],
              [-114.72552, 48.99188],
              [-114.63415, 48.73428],
              [-114.88615, 48.574],
              [-114.84655, 48.22625],
              [-114.99055, 47.9844],
              [-114.32814, 47.56223],
              [-114.25614, 47.12002],
              [-115.01935, 47.4091],
              [-115.51976, 47.4964],
              [-114.91495, 46.82665],
              [-114.37494, 46.66637],
              [-114.41094, 45.95226],
              [-114.59455, 45.53438]
            ]
          ],
          [
            [
              [-104.30564, 46.64204],
              [-104.04644, 46.39733],
              [-104.04644, 46.64204],
              [-104.30564, 46.64204]
            ]
          ]
        ]
      },
      "properties": { "zone_key": "US-NW-NWMT" }
    },
    {
      "type": "Feature",
      "geometry": {
        "type": "Polygon",
        "coordinates": [
          [
            [-73.40679, 45.00499],
            [-74.86815, 45.01061],
            [-75.27135, 44.8632],
            [-76.34776, 44.05464],
            [-76.13536, 43.93443],
            [-76.22176, 43.53945],
            [-77.02457, 43.26612],
            [-77.53578, 43.23463],
            [-77.73018, 43.32765],
            [-78.57979, 43.36486],
            [-79.06192, 43.26976],
            [-78.86059, 42.80101],
            [-79.17739, 42.54914],
            [-79.78588, 42.25807],
            [-79.6706, 41.99961],
            [-75.43335, 41.99961],
            [-75.07335, 41.8107],
            [-75.06975, 41.60177],
            [-75.31095, 41.33129],
            [-74.96175, 41.11663],
            [-74.74575, 41.327],
            [-74.46854, 41.25401],
            [-73.95374, 40.85188],
            [-74.09414, 40.64867],
            [-73.73054, 40.58999],
            [-73.03213, 40.67443],
            [-72.31932, 41.00071],
            [-73.38493, 40.94633],
            [-73.65854, 40.99356],
            [-73.54694, 41.33272],
            [-73.48213, 42.15416],
            [-73.27693, 42.75236],
            [-73.25173, 43.55663],
            [-73.42813, 44.03747],
            [-73.30213, 44.41957],
            [-73.40679, 45.00499]
          ]
        ]
      },
      "properties": { "zone_key": "US-NY-NYIS" }
    },
    {
      "type": "Feature",
      "geometry": {
        "type": "Polygon",
        "coordinates": [
          [
            [-109.8029, 35.19624],
            [-109.33489, 35.12898],
            [-108.66889, 35.27352],
            [-108.61489, 35.57118],
            [-108.35568, 35.5812],
            [-107.84088, 35.39373],
            [-107.92368, 35.70857],
            [-107.30807, 35.84023],
            [-107.62488, 36.00051],
            [-107.61768, 36.80478],
            [-107.49887, 36.99654],
            [-109.04454, 36.99775],
            [-109.06129, 38.50061],
            [-109.05049, 39.57822],
            [-109.04689, 40.57711],
            [-109.20169, 40.85903],
            [-109.8353, 40.76888],
            [-110.0009, 40.99356],
            [-108.79129, 41.00071],
            [-107.92368, 41.00214],
            [-107.92008, 41.22539],
            [-106.88687, 41.21967],
            [-106.77167, 41.00357],
            [-105.72046, 40.99785],
            [-105.55486, 40.99785],
            [-105.27765, 40.99785],
            [-105.27765, 41.65615],
            [-104.65485, 41.65329],
            [-104.65485, 42.60925],
            [-104.89245, 42.60925],
            [-104.89955, 43.49927],
            [-106.01805, 43.49476],
            [-106.00949, 44.56423],
            [-107.23247, 44.55838],
            [-107.67168, 44.68003],
            [-107.90951, 45.00068],
            [-108.53929, 45.00059],
            [-108.55009, 44.07897],
            [-108.91369, 43.90438],
            [-109.7453, 43.8271],
            [-110.0549, 43.93873],
            [-110.0585, 43.40922],
            [-110.74971, 43.23463],
            [-111.04491, 43.33051],
            [-111.05211, 44.56125],
            [-111.43011, 44.7201],
            [-111.91252, 44.1448],
            [-112.12492, 44.0575],
            [-112.99613, 44.00742],
            [-112.99613, 44.23353],
            [-113.41733, 44.23353],
            [-113.44613, 43.80563],
            [-113.67654, 43.528],
            [-113.36333, 43.28472],
            [-112.94573, 43.28472],
            [-112.69733, 43.62246],
            [-112.48132, 43.42497],
            [-111.87652, 43.36629],
            [-111.58852, 43.23177],
            [-111.59572, 43.01997],
            [-112.08532, 42.97131],
            [-111.89452, 42.33162],
            [-112.19332, 42.00104],
            [-114.04594, 41.99103],
            [-114.03986, 40.99974],
            [-112.79876, 41.00036],
            [-112.49189, 41.07658],
            [-112.26172, 40.76888],
            [-112.17892, 40.04761],
            [-112.03132, 39.78143],
            [-111.71452, 39.81291],
            [-111.74692, 39.42795],
            [-111.95932, 39.36642],
            [-112.01332, 39.05873],
            [-112.25452, 38.70526],
            [-112.54973, 38.5736],
            [-114.05009, 38.57289],
            [-114.04734, 36.21088],
            [-113.33453, 35.60267],
            [-113.90694, 35.50965],
            [-113.85294, 35.25348],
            [-113.33453, 35.44954],
            [-112.89173, 35.8159],
            [-112.33012, 36.13932],
            [-111.80092, 36.0048],
            [-111.58852, 35.70427],
            [-111.32211, 35.56689],
            [-111.28251, 35.16762],
            [-109.8029, 35.19624]
          ],
          [
            [-111.30411, 37.54035],
            [-110.75331, 37.54035],
            [-110.92971, 37.15539],
            [-111.21051, 37.06237],
            [-111.40491, 37.00513],
            [-112.89961, 37.00078],
            [-112.90431, 37.54474],
            [-111.30411, 37.54035]
          ],
          [
            [-111.30411, 38.51063],
            [-110.0873, 38.50061],
            [-109.9325, 38.15858],
            [-111.25011, 38.15286],
            [-111.84412, 38.15143],
            [-111.75772, 38.51063],
            [-111.30411, 38.51063]
          ]
        ]
      },
      "properties": { "zone_key": "US-NW-PACE" }
    },
    {
      "type": "Feature",
      "geometry": {
        "type": "MultiPolygon",
        "coordinates": [
          [
            [
              [-118.21618, 46.63918],
              [-118.58699, 46.53042],
              [-118.77419, 46.29143],
              [-119.24939, 46.32005],
              [-119.45459, 46.67925],
              [-119.937, 46.66923],
              [-120.2826, 46.73649],
              [-121.01341, 46.91108],
              [-121.36261, 47.07137],
              [-121.38781, 46.62773],
              [-121.52434, 46.38763],
              [-121.52444, 46.04457],
              [-119.86625, 46.04089],
              [-120.2106, 45.72615],
              [-120.59221, 45.74618],
              [-121.13221, 45.61023],
              [-121.81262, 45.70611],
              [-122.04302, 45.61023],
              [-121.72622, 45.39414],
              [-121.79462, 44.94621],
              [-122.87103, 44.87752],
              [-122.99343, 45.01347],
              [-123.60544, 44.96624],
              [-123.46143, 45.25389],
              [-123.32103, 45.59306],
              [-123.26343, 45.68465],
              [-123.38943, 46.14975],
              [-123.95824, 46.28427],
              [-123.97264, 45.15801],
              [-124.16344, 43.82996],
              [-124.48024, 42.95414],
              [-124.15984, 42.88259],
              [-124.03744, 42.37026],
              [-123.83584, 41.99531],
              [-124.20664, 41.93092],
              [-123.99424, 41.46438],
              [-123.47943, 41.33988],
              [-123.39303, 41.16099],
              [-122.95023, 41.18532],
              [-122.58663, 41.35705],
              [-122.45342, 41.11377],
              [-122.74143, 40.66584],
              [-123.03663, 40.36388],
              [-122.90343, 40.32095],
              [-121.67222, 40.44688],
              [-121.06021, 40.43543],
              [-120.2466, 40.10056],
              [-120.0018, 39.66408],
              [-120.0054, 39.16606],
              [-119.6778, 39.28055],
              [-119.6634, 39.50809],
              [-119.17019, 39.67982],
              [-119.33939, 40.00182],
              [-119.30339, 41.32557],
              [-119.35682, 41.99338],
              [-119.36459, 42.7495],
              [-119.94399, 42.7462],
              [-119.8974, 43.6983],
              [-119.6562, 43.95876],
              [-119.6562, 44.30651],
              [-120.3582, 44.43674],
              [-120.495, 45.06785],
              [-119.6706, 44.99486],
              [-118.65179, 44.99773],
              [-118.54739, 45.09504],
              [-118.65539, 45.33976],
              [-118.11898, 45.48573],
              [-117.97858, 45.89645],
              [-117.60418, 45.99948],
              [-117.73738, 46.47174],
              [-118.21618, 46.63918]
            ]
          ],
          [
            [
              [-122.81343, 45.90646],
              [-122.71983, 45.86926],
              [-122.24579, 46.05624],
              [-122.23993, 46.38534],
              [-123.21663, 46.38588],
              [-123.21215, 46.17354],
              [-122.81343, 45.90646]
            ]
          ]
        ]
      },
      "properties": { "zone_key": "US-NW-PACW" }
    },
    {
      "type": "Feature",
      "geometry": {
        "type": "Polygon",
        "coordinates": [
          [
            [-123.26343, 45.68465],
            [-123.32103, 45.59306],
            [-123.46143, 45.25389],
            [-123.60544, 44.96624],
            [-122.99343, 45.01347],
            [-122.87103, 44.87752],
            [-121.79462, 44.94621],
            [-121.72622, 45.39414],
            [-122.04302, 45.61023],
            [-122.29502, 45.5444],
            [-122.76663, 45.65602],
            [-122.71983, 45.86926],
            [-122.81343, 45.90646],
            [-122.92863, 45.70039],
            [-123.26343, 45.68465]
          ]
        ]
      },
      "properties": { "zone_key": "US-NW-PGE" }
    },
    {
      "type": "Feature",
      "geometry": {
        "type": "MultiPolygon",
        "coordinates": [
          [
            [
              [-76.55297, 35.43809],
              [-76.26856, 35.3093],
              [-75.75016, 35.60696],
              [-75.66016, 35.84738],
              [-76.21456, 36.04201],
              [-76.07776, 36.19657],
              [-75.75016, 36.1565],
              [-75.98776, 36.90495],
              [-76.23256, 36.94359],
              [-76.50257, 37.2341],
              [-76.18216, 37.8695],
              [-76.47736, 38.31314],
              [-76.55297, 38.73817],
              [-76.30816, 38.79684],
              [-76.27936, 38.40473],
              [-76.03456, 38.32459],
              [-75.72496, 37.77505],
              [-75.60256, 37.71351],
              [-75.05175, 38.50633],
              [-75.37215, 39.04442],
              [-75.36855, 39.35067],
              [-74.89695, 39.16749],
              [-74.33894, 39.43081],
              [-73.98974, 40.25655],
              [-74.09414, 40.64867],
              [-73.95374, 40.85188],
              [-74.46854, 41.25401],
              [-74.74575, 41.327],
              [-74.96175, 41.11663],
              [-75.31095, 41.33129],
              [-75.06975, 41.60177],
              [-75.07335, 41.8107],
              [-75.43335, 41.99961],
              [-79.6706, 41.99961],
              [-79.78588, 42.25807],
              [-80.3402, 42.03395],
              [-81.34461, 41.72913],
              [-81.69382, 41.51447],
              [-82.50023, 41.38138],
              [-82.99343, 41.53594],
              [-83.43983, 41.7692],
              [-83.20583, 42.01106],
              [-83.42183, 42.09406],
              [-84.36144, 42.07402],
              [-84.36144, 41.73772],
              [-84.80425, 41.69622],
              [-85.16425, 41.52592],
              [-85.29385, 41.78495],
              [-85.30105, 42.42035],
              [-86.25146, 42.41892],
              [-86.82027, 41.68334],
              [-86.27666, 41.35419],
              [-85.74746, 41.43576],
              [-85.65386, 41.17817],
              [-86.02106, 40.84186],
              [-85.86266, 40.44975],
              [-85.86266, 40.00897],
              [-85.26145, 39.78858],
              [-85.20025, 39.99752],
              [-84.81145, 40.04332],
              [-84.78625, 38.88271],
              [-85.41625, 38.55213],
              [-85.38745, 38.17719],
              [-85.78346, 38.06699],
              [-86.04986, 37.80797],
              [-86.23706, 37.58615],
              [-86.05346, 37.49599],
              [-86.14706, 36.97937],
              [-85.93466, 36.80335],
              [-85.57106, 36.99368],
              [-85.30105, 36.94932],
              [-85.26145, 36.65308],
              [-84.29304, 36.59155],
              [-83.81064, 36.74896],
              [-83.48663, 36.8978],
              [-82.85303, 36.87061],
              [-82.63703, 36.43126],
              [-82.21942, 36.69745],
              [-81.67459, 36.59194],
              [-80.85731, 36.55821],
              [-78.46385, 36.54264],
              [-77.63658, 36.46847],
              [-77.20817, 36.05918],
              [-77.34137, 35.8159],
              [-76.98497, 35.65848],
              [-76.65377, 35.70571],
              [-76.55297, 35.43809]
            ],
            [
              [-84.71785, 37.89956],
              [-84.94105, 38.18005],
              [-84.66745, 38.34319],
              [-84.26784, 38.16431],
              [-84.29304, 37.85233],
              [-84.71785, 37.89956]
            ]
          ],
          [
            [
              [-87.52588, 41.65042],
              [-87.83188, 42.28582],
              [-87.79948, 42.48331],
              [-90.2907, 42.50764],
              [-90.0963, 42.05685],
              [-90.2655, 41.77207],
              [-89.8551, 41.45437],
              [-89.17829, 41.48871],
              [-89.02709, 41.39712],
              [-89.30789, 40.96493],
              [-89.06669, 40.69589],
              [-88.71389, 40.82612],
              [-88.32868, 40.67013],
              [-88.13068, 40.97638],
              [-87.52588, 40.93488],
              [-87.52588, 41.65042]
            ]
          ],
          [
            [
              [-87.09188, 40.21394],
              [-87.09091, 39.8661],
              [-86.69539, 39.86415],
              [-86.69427, 40.21505],
              [-87.09188, 40.21394]
            ]
          ],
          [
            [
              [-86.37641, 40.4343],
              [-86.374, 40.69132],
              [-86.74785, 40.73805],
              [-86.69249, 40.43311],
              [-86.37641, 40.4343]
            ]
          ]
        ]
      },
      "properties": { "zone_key": "US-MIDA-PJM" }
    },
    {
      "type": "Feature",
      "geometry": {
        "type": "Polygon",
        "coordinates": [
          [
            [-110.80731, 33.98984],
            [-110.66691, 33.81668],
            [-110.2853, 33.7623],
            [-110.0261, 33.57912],
            [-109.49689, 33.39737],
            [-109.04689, 33.39737],
            [-108.97129, 32.98235],
            [-108.67969, 33.0167],
            [-108.81289, 32.61314],
            [-109.04689, 32.61457],
            [-109.05769, 31.71155],
            [-109.28089, 31.53696],
            [-109.05049, 31.33232],
            [-108.20891, 31.33404],
            [-108.20809, 31.78282],
            [-108.22901, 32.51722],
            [-107.71848, 32.63889],
            [-107.76888, 32.94085],
            [-107.99928, 33.47751],
            [-106.37265, 33.47986],
            [-105.31632, 33.30615],
            [-105.35325, 32.51868],
            [-104.85144, 32.52007],
            [-104.15804, 33.87535],
            [-104.17244, 34.28464],
            [-104.61165, 34.44921],
            [-104.79525, 34.67533],
            [-104.45684, 35.14901],
            [-104.38484, 35.40518],
            [-103.90244, 35.68853],
            [-103.63585, 35.24094],
            [-104.12412, 35.14224],
            [-104.12924, 34.6052],
            [-103.70804, 34.6052],
            [-103.27963, 34.95439],
            [-103.04203, 34.95439],
            [-103.04087, 35.62128],
            [-102.16264, 35.62678],
            [-102.16362, 36.49996],
            [-102.04197, 36.993],
            [-103.08603, 37.00148],
            [-103.07702, 37.64535],
            [-103.40546, 37.64535],
            [-103.78004, 37.64339],
            [-104.37404, 37.80081],
            [-104.75205, 37.40583],
            [-105.15885, 37.32426],
            [-105.03645, 36.99225],
            [-104.05724, 36.99511],
            [-104.02844, 36.21803],
            [-105.24525, 36.2624],
            [-105.39285, 36.99511],
            [-105.71686, 37.0037],
            [-106.63127, 36.9994],
            [-107.49887, 36.99654],
            [-107.61768, 36.80478],
            [-106.89407, 36.84055],
            [-106.66727, 36.58296],
            [-106.00846, 36.66739],
            [-106.02646, 36.33968],
            [-105.62686, 35.97904],
            [-105.97246, 35.85168],
            [-106.32526, 35.36797],
            [-106.68167, 35.27781],
            [-107.11367, 35.82162],
            [-107.30807, 35.84023],
            [-107.92368, 35.70857],
            [-107.84088, 35.39373],
            [-108.35568, 35.5812],
            [-108.61489, 35.57118],
            [-108.66889, 35.27352],
            [-109.33489, 35.12898],
            [-109.8029, 35.19624],
            [-109.7957, 34.66531],
            [-109.8929, 34.30181],
            [-110.2313, 34.47497],
            [-110.74971, 34.4993],
            [-110.80731, 33.98984]
          ]
        ]
      },
      "properties": { "zone_key": "US-SW-PNM" }
    },
    {
      "type": "Feature",
      "geometry": {
        "type": "MultiPolygon",
        "coordinates": [
          [
            [
              [-105.15885, 37.32426],
              [-105.22725, 37.65484],
              [-105.58726, 37.57184],
              [-106.03006, 37.5976],
              [-105.90046, 37.43875],
              [-105.39285, 37.2341],
              [-105.39285, 36.99511],
              [-105.24525, 36.2624],
              [-104.02844, 36.21803],
              [-104.05724, 36.99511],
              [-105.03645, 36.99225],
              [-105.15885, 37.32426]
            ]
          ],
          [
            [
              [-105.71686, 37.0037],
              [-105.81766, 37.26272],
              [-106.32526, 37.30423],
              [-106.26046, 37.57613],
              [-106.58087, 37.84088],
              [-106.24246, 37.91387],
              [-105.83926, 38.25017],
              [-105.92926, 38.52637],
              [-106.76447, 38.09561],
              [-106.85447, 37.83802],
              [-106.71407, 37.5332],
              [-106.63127, 36.9994],
              [-105.71686, 37.0037]
            ]
          ],
          [
            [
              [-108.79129, 41.00071],
              [-108.78409, 40.31522],
              [-108.59689, 40.21648],
              [-107.64648, 40.37676],
              [-107.64648, 40.07337],
              [-107.91288, 39.75853],
              [-108.47088, 39.73277],
              [-109.05049, 39.57822],
              [-109.06129, 38.50061],
              [-108.43848, 38.40616],
              [-108.37368, 38.8269],
              [-107.97408, 39.07877],
              [-107.51688, 39.2276],
              [-107.28647, 39.05873],
              [-106.50167, 39.07018],
              [-105.97606, 38.91133],
              [-105.84286, 38.69381],
              [-105.39645, 38.66232],
              [-105.46125, 38.16574],
              [-105.08685, 38.38612],
              [-104.70165, 38.38612],
              [-104.47484, 38.04839],
              [-104.06444, 38.04839],
              [-103.78004, 37.64339],
              [-103.40546, 37.64535],
              [-103.39483, 38.09704],
              [-103.71884, 38.32459],
              [-104.05364, 38.25017],
              [-104.57925, 38.4677],
              [-104.66925, 38.7811],
              [-104.88525, 38.86411],
              [-104.73765, 39.26767],
              [-104.50365, 39.27339],
              [-104.03924, 39.58823],
              [-104.07884, 39.92454],
              [-104.93205, 39.88876],
              [-105.15525, 40.05763],
              [-105.08325, 40.29376],
              [-105.39645, 40.17212],
              [-105.66646, 40.50985],
              [-105.72406, 39.89592],
              [-105.94366, 39.71274],
              [-106.63487, 39.90164],
              [-106.68167, 40.87335],
              [-106.77167, 41.00357],
              [-106.88687, 41.21967],
              [-107.92008, 41.22539],
              [-107.92368, 41.00214],
              [-108.79129, 41.00071]
            ]
          ],
          [
            [
              [-105.01125, 40.37819],
              [-104.42084, 40.37247],
              [-104.21924, 40.69303],
              [-104.71605, 40.74455],
              [-105.01125, 40.37819]
            ]
          ]
        ]
      },
      "properties": { "zone_key": "US-NW-PSCO" }
    },
    {
      "type": "Feature",
      "geometry": {
        "type": "MultiPolygon",
        "coordinates": [
          [
            [
              [-122.98623, 47.60659],
              [-122.51463, 47.44488],
              [-122.50743, 47.84415],
              [-123.00783, 48.08887],
              [-122.98623, 47.60659]
            ]
          ],
          [
            [
              [-121.06021, 48.38224],
              [-120.68941, 48.57543],
              [-120.79843, 48.99188],
              [-122.75223, 48.99188],
              [-122.70183, 48.49243],
              [-122.43542, 48.2606],
              [-121.44541, 48.29637],
              [-121.06021, 48.38224]
            ]
          ],
          [
            [
              [-123.15903, 46.79374],
              [-122.39942, 46.84382],
              [-122.74863, 47.19015],
              [-123.20231, 47.08435],
              [-123.15903, 46.79374]
            ]
          ],
          [
            [
              [-120.67861, 47.35186],
              [-121.08901, 47.57224],
              [-121.43821, 47.3862],
              [-121.36261, 47.07137],
              [-121.01341, 46.91108],
              [-120.2826, 46.73649],
              [-120.3186, 47.07852],
              [-120.67861, 47.35186]
            ]
          ],
          [
            [
              [-122.36702, 48.15183],
              [-122.39438, 47.77803],
              [-122.28952, 47.77734],
              [-121.92062, 47.87563],
              [-122.03222, 48.16042],
              [-122.36702, 48.15183]
            ]
          ]
        ]
      },
      "properties": { "zone_key": "US-NW-PSEI" }
    },
    {
      "type": "Feature",
      "geometry": {
        "type": "Polygon",
        "coordinates": [
          [
            [-79.9082, 34.84133],
            [-80.70021, 34.81843],
            [-81.12501, 34.55655],
            [-80.77581, 34.36335],
            [-80.57421, 33.75371],
            [-80.1458, 33.22278],
            [-79.865, 33.0353],
            [-79.42939, 33.14121],
            [-79.19179, 33.20847],
            [-78.97579, 33.59915],
            [-78.54289, 33.85069],
            [-79.6742, 34.80412],
            [-79.9082, 34.84133]
          ]
        ]
      },
      "properties": { "zone_key": "US-CAR-SC" }
    },
    {
      "type": "Feature",
      "geometry": {
        "type": "Polygon",
        "coordinates": [
          [
            [-81.22221, 34.62238],
            [-81.48501, 34.72971],
            [-81.64342, 34.53365],
            [-81.81262, 34.40056],
            [-82.12582, 34.04422],
            [-82.58663, 34.12436],
            [-82.59383, 34.01989],
            [-81.52822, 33.0396],
            [-81.33741, 32.56448],
            [-80.87301, 32.08507],
            [-80.70381, 32.30545],
            [-80.4374, 32.36699],
            [-80.2466, 32.64605],
            [-80.009, 32.67897],
            [-79.7318, 32.80204],
            [-79.42939, 33.14121],
            [-79.865, 33.0353],
            [-80.1458, 33.22278],
            [-80.57421, 33.75371],
            [-80.77581, 34.36335],
            [-81.12501, 34.55655],
            [-81.22221, 34.62238]
          ]
        ]
      },
      "properties": { "zone_key": "US-CAR-SCEG" }
    },
    {
      "type": "Feature",
      "geometry": {
        "type": "Polygon",
        "coordinates": [
          [
            [-122.39438, 47.77803],
            [-122.3622, 47.46083],
            [-122.28952, 47.77734],
            [-122.39438, 47.77803]
          ]
        ]
      },
      "properties": { "zone_key": "US-NW-SCL" }
    },
    {
      "type": "Feature",
      "geometry": {
        "type": "MultiPolygon",
        "coordinates": [
          [
            [
              [-81.65782, 28.96101],
              [-81.63982, 28.7993],
              [-81.35901, 28.87228],
              [-81.63982, 29.16852],
              [-81.65782, 28.96101]
            ]
          ],
          [
            [
              [-82.50743, 29.21431],
              [-82.79543, 29.52343],
              [-82.65503, 29.64507],
              [-82.53623, 29.92842],
              [-82.14742, 29.8354],
              [-82.05022, 30.18602],
              [-82.12942, 30.36347],
              [-82.23022, 30.41642],
              [-82.45342, 30.12448],
              [-82.61183, 30.52948],
              [-82.72703, 30.5996],
              [-84.87625, 30.72695],
              [-84.55225, 30.0472],
              [-84.36504, 30.2218],
              [-84.07704, 30.09586],
              [-83.70984, 29.93415],
              [-83.07623, 29.18855],
              [-82.69103, 28.92953],
              [-82.47142, 28.93811],
              [-82.44262, 29.03543],
              [-82.50743, 29.21431]
            ],
            [
              [-84.26064, 30.38637],
              [-84.33984, 30.52662],
              [-84.13104, 30.44934],
              [-84.26064, 30.38637]
            ]
          ],
          [
            [
              [-80.88741, 26.81296],
              [-81.12501, 26.96751],
              [-80.70741, 27.23656],
              [-80.78661, 27.86337],
              [-80.92701, 27.84477],
              [-81.21501, 27.72599],
              [-81.21861, 27.44406],
              [-81.93142, 27.64298],
              [-82.37422, 27.51848],
              [-82.25902, 27.09202],
              [-81.98182, 27.29094],
              [-81.56422, 27.18075],
              [-81.56782, 26.68845],
              [-81.27261, 26.42227],
              [-80.88021, 26.37648],
              [-80.88741, 26.81296]
            ]
          ],
          [
            [
              [-81.67942, 29.32451],
              [-81.42021, 29.32164],
              [-81.64702, 29.83827],
              [-81.96022, 29.74668],
              [-82.02502, 29.49481],
              [-81.67942, 29.32451]
            ]
          ],
          [
            [
              [-82.35262, 28.99106],
              [-82.47142, 28.93811],
              [-82.57223, 28.7764],
              [-82.72343, 28.25549],
              [-82.65863, 28.15245],
              [-82.05742, 28.17535],
              [-81.98182, 28.26121],
              [-81.71902, 28.34708],
              [-81.63982, 28.7993],
              [-81.90262, 28.70628],
              [-82.03582, 28.95958],
              [-82.35262, 28.99106]
            ]
          ]
        ]
      },
      "properties": { "zone_key": "US-FLA-SEC" }
    },
    {
      "type": "Feature",
      "geometry": {
        "type": "MultiPolygon",
        "coordinates": [
          [
            [
              [-84.87625, 30.72695],
              [-82.72703, 30.5996],
              [-82.61183, 30.52948],
              [-82.23022, 30.41642],
              [-82.12942, 30.36347],
              [-81.92062, 30.81713],
              [-81.43101, 30.66973],
              [-80.87301, 32.08507],
              [-81.33741, 32.56448],
              [-81.52822, 33.0396],
              [-82.59383, 34.01989],
              [-82.58663, 34.12436],
              [-82.84943, 34.42346],
              [-83.29223, 34.65386],
              [-83.27783, 34.97299],
              [-83.64504, 34.88856],
              [-84.18144, 34.61236],
              [-84.54865, 34.85564],
              [-84.70705, 34.41344],
              [-85.26505, 34.40056],
              [-85.43785, 34.62238],
              [-85.40185, 33.98411],
              [-85.73666, 33.98984],
              [-85.84466, 34.19019],
              [-86.44586, 34.24886],
              [-86.94627, 33.86676],
              [-87.28827, 33.99556],
              [-87.3799, 34.30158],
              [-88.17286, 34.32033],
              [-88.38988, 32.57879],
              [-89.17829, 32.51725],
              [-89.45549, 32.61027],
              [-89.7435, 32.41565],
              [-89.6535, 31.78025],
              [-89.9739, 31.75449],
              [-90.0063, 31.1334],
              [-89.7723, 30.88153],
              [-89.8443, 30.69119],
              [-89.6247, 30.24899],
              [-88.87949, 30.39209],
              [-88.46548, 30.32483],
              [-88.10548, 30.37922],
              [-87.83548, 30.24899],
              [-86.55387, 30.38923],
              [-86.21186, 30.52232],
              [-85.97426, 30.40211],
              [-85.72586, 30.24469],
              [-85.38745, 30.30194],
              [-85.46665, 30.99744],
              [-85.02385, 31.00031],
              [-84.87625, 30.72695]
            ]
          ],
          [
            [
              [-85.01665, 29.98996],
              [-85.14265, 30.20033],
              [-85.39105, 30.20176],
              [-85.62506, 30.06581],
              [-85.30465, 29.74525],
              [-85.01665, 29.98996]
            ]
          ]
        ]
      },
      "properties": { "zone_key": "US-SE-SOCO" }
    },
    {
      "type": "Feature",
      "geometry": {
        "type": "Polygon",
        "coordinates": [
          [
            [-90.2907, 36.20086],
            [-90.72271, 36.26812],
            [-90.82351, 36.07349],
            [-90.4671, 35.96473],
            [-90.3015, 36.09782],
            [-90.2907, 36.20086]
          ]
        ]
      },
      "properties": { "zone_key": "US-CENT-SPA" }
    },
    {
      "type": "Feature",
      "geometry": {
        "type": "Polygon",
        "coordinates": [
          [
            [-111.04131, 33.46606],
            [-111.18891, 33.81381],
            [-111.44451, 33.99842],
            [-112.15732, 34.03993],
            [-112.29772, 33.88823],
            [-112.97453, 33.99985],
            [-113.25893, 34.34761],
            [-113.35253, 34.29895],
            [-113.65854, 33.7809],
            [-113.33453, 33.54334],
            [-113.33453, 33.15122],
            [-113.33453, 32.60026],
            [-113.25173, 32.5058],
            [-112.70453, 32.5058],
            [-112.68653, 33.00382],
            [-112.20412, 32.75195],
            [-112.20052, 33.19416],
            [-111.28251, 33.10829],
            [-111.25011, 33.46463],
            [-111.04131, 33.46606]
          ]
        ]
      },
      "properties": { "zone_key": "US-SW-SRP" }
    },
    {
      "type": "Feature",
      "geometry": {
        "type": "MultiPolygon",
        "coordinates": [
          [
            [
              [-95.75556, 40.59142],
              [-95.88516, 40.74741],
              [-95.88156, 41.15098],
              [-94.92755, 41.15813],
              [-94.93115, 41.50445],
              [-94.24154, 41.50412],
              [-94.27954, 41.86365],
              [-94.62875, 41.86222],
              [-94.62904, 42.20819],
              [-95.32393, 42.21141],
              [-95.32715, 42.56059],
              [-94.44154, 42.55916],
              [-94.44154, 43.27613],
              [-94.04914, 43.49938],
              [-96.44381, 43.49401],
              [-96.45727, 44.19669],
              [-97.37036, 44.19504],
              [-97.36881, 43.84865],
              [-97.60958, 43.84857],
              [-97.60714, 43.49998],
              [-99.24759, 43.49938],
              [-99.40239, 44.02602],
              [-99.6652, 44.31224],
              [-99.66407, 44.54943],
              [-100.59401, 44.55695],
              [-100.40245, 44.89908],
              [-99.57277, 44.89874],
              [-99.57496, 45.24572],
              [-98.72199, 45.24387],
              [-98.72401, 45.93886],
              [-96.56416, 45.93367],
              [-96.85357, 45.61452],
              [-96.60157, 45.32688],
              [-96.48276, 45.49574],
              [-96.58717, 46.24706],
              [-96.77077, 46.60054],
              [-97.32517, 46.62057],
              [-98.00558, 46.21415],
              [-98.03438, 46.63059],
              [-97.68158, 46.75223],
              [-97.70678, 47.24023],
              [-98.34398, 47.24023],
              [-98.38358, 47.67242],
              [-97.88318, 47.75972],
              [-97.90478, 48.11892],
              [-98.41238, 48.19477],
              [-98.63559, 47.93145],
              [-99.07074, 48.0466],
              [-98.97279, 48.37035],
              [-99.002, 48.99979],
              [-101.36495, 48.99903],
              [-106.01947, 48.99909],
              [-106.01926, 48.56542],
              [-105.80138, 48.56113],
              [-105.84286, 48.01016],
              [-104.83845, 48.11749],
              [-104.29844, 48.05452],
              [-104.04644, 48.20335],
              [-104.04644, 48.63411],
              [-102.88723, 48.63268],
              [-102.82963, 48.18618],
              [-102.57403, 48.00443],
              [-102.64265, 47.67551],
              [-103.09966, 47.67439],
              [-103.09963, 47.32896],
              [-104.04471, 47.32824],
              [-104.04644, 46.64204],
              [-104.04644, 46.39733],
              [-104.04284, 45.9451],
              [-102.94273, 45.94515],
              [-102.95713, 45.03688],
              [-101.99989, 45.03873],
              [-102.01198, 43.99429],
              [-101.14481, 43.99454],
              [-100.70921, 43.71834],
              [-100.231, 43.71214],
              [-100.1692, 42.11266],
              [-100.84693, 42.08869],
              [-100.7099, 41.39497],
              [-100.236, 41.39497],
              [-100.22363, 40.70148],
              [-100.78135, 40.70043],
              [-100.77761, 40.34957],
              [-101.32481, 40.351],
              [-101.32481, 40.00325],
              [-102.05211, 40.00414],
              [-102.04197, 36.993],
              [-102.16362, 36.49996],
              [-102.16264, 35.62678],
              [-103.04087, 35.62128],
              [-103.04203, 34.95439],
              [-103.27963, 34.95439],
              [-103.70804, 34.6052],
              [-104.12924, 34.6052],
              [-104.12412, 35.14224],
              [-103.63585, 35.24094],
              [-103.90244, 35.68853],
              [-104.38484, 35.40518],
              [-104.45684, 35.14901],
              [-104.79525, 34.67533],
              [-104.61165, 34.44921],
              [-104.17244, 34.28464],
              [-104.15804, 33.87535],
              [-104.85144, 32.52007],
              [-104.84761, 32.00037],
              [-103.06413, 32.00222],
              [-102.28638, 32.08643],
              [-102.28638, 31.65252],
              [-101.77622, 31.65174],
              [-101.69562, 32.08793],
              [-101.69202, 32.96232],
              [-102.07529, 32.95938],
              [-102.07579, 33.38832],
              [-102.59563, 33.38878],
              [-102.6156, 34.3118],
              [-101.99802, 34.31326],
              [-101.99921, 34.74949],
              [-102.17042, 34.74859],
              [-102.16773, 35.18335],
              [-101.08575, 35.18248],
              [-101.08721, 36.05775],
              [-100.00012, 36.05514],
              [-100, 34.56227],
              [-99.6544, 34.3748],
              [-99.38079, 34.45494],
              [-98.95608, 34.20145],
              [-98.95239, 33.83385],
              [-98.4244, 33.83627],
              [-98.42159, 34.08162],
              [-98.15678, 34.1215],
              [-97.88678, 33.85388],
              [-97.71038, 33.95263],
              [-97.11997, 33.7165],
              [-96.93637, 33.95406],
              [-96.39636, 33.73797],
              [-95.73756, 33.89682],
              [-95.14715, 33.93689],
              [-94.78355, 33.74226],
              [-94.84115, 33.38306],
              [-95.12476, 33.384],
              [-95.15435, 32.58451],
              [-94.88795, 32.36985],
              [-94.56395, 32.3999],
              [-94.59995, 31.97344],
              [-94.05994, 31.97917],
              [-93.82954, 31.58132],
              [-93.54154, 31.18348],
              [-93.57034, 30.87723],
              [-92.87553, 30.87723],
              [-92.79633, 31.45539],
              [-92.48672, 31.5985],
              [-92.85033, 31.79599],
              [-93.03753, 32.01637],
              [-93.53794, 32.96804],
              [-94.04194, 33.06393],
              [-93.86914, 33.24711],
              [-93.95914, 33.47608],
              [-93.55234, 33.79378],
              [-93.55954, 34.00558],
              [-93.97354, 34.13867],
              [-94.05274, 34.72971],
              [-93.85114, 34.96154],
              [-93.53794, 35.05027],
              [-93.05193, 35.40661],
              [-92.95833, 35.99765],
              [-93.32913, 36.12215],
              [-93.29572, 36.49787],
              [-94.61795, 36.49996],
              [-94.60715, 38.81831],
              [-94.23994, 38.83548],
              [-94.15714, 39.17036],
              [-94.85915, 39.27483],
              [-95.10755, 39.57392],
              [-95.06435, 39.863],
              [-95.42075, 40.05906],
              [-95.48555, 40.24796],
              [-95.99676, 40.26084],
              [-96.06516, 40.45976],
              [-95.75556, 40.59142]
            ],
            [
              [-94.45234, 34.78695],
              [-94.45594, 34.66817],
              [-95.68356, 34.7111],
              [-96.09036, 34.79983],
              [-96.04356, 35.10465],
              [-95.66556, 35.22915],
              [-96.45036, 35.40804],
              [-96.44676, 35.68138],
              [-97.13077, 35.73862],
              [-97.30717, 35.44668],
              [-97.64198, 36.18369],
              [-96.69157, 36.26526],
              [-96.72037, 35.94183],
              [-96.10836, 35.90319],
              [-96.19116, 36.15077],
              [-96.15516, 36.9994],
              [-95.45315, 36.9994],
              [-95.40635, 36.04344],
              [-94.79075, 36.10927],
              [-94.80515, 35.63844],
              [-94.46674, 35.59408],
              [-94.45234, 34.78695]
            ],
            [
              [-97.08037, 41.39998],
              [-97.25373, 41.74314],
              [-96.90502, 41.74258],
              [-97.08037, 41.39998]
            ],
            [
              [-97.36837, 40.69875],
              [-96.91444, 40.69763],
              [-96.91477, 40.34957],
              [-97.36835, 40.35065],
              [-97.36837, 40.69875]
            ],
            [
              [-97.36837, 40.69875],
              [-97.82564, 40.6982],
              [-97.82674, 41.04682],
              [-97.36791, 41.04718],
              [-97.36837, 40.69875]
            ],
            [
              [-101.86482, 46.98121],
              [-102.14562, 46.98121],
              [-102.20682, 47.57511],
              [-101.45441, 47.56223],
              [-101.32481, 47.28746],
              [-101.68482, 47.24166],
              [-101.86482, 46.98121]
            ]
          ],
          [
            [
              [-96.60157, 45.32688],
              [-97.2266, 45.29776],
              [-97.2266, 45.15195],
              [-97.96238, 45.15371],
              [-97.97687, 44.63251],
              [-97.85563, 44.54425],
              [-96.45036, 44.54407],
              [-96.60157, 45.32688]
            ]
          ]
        ]
      },
      "properties": { "zone_key": "US-CENT-SWPP" }
    },
    {
      "type": "Feature",
      "geometry": {
        "type": "MultiPolygon",
        "coordinates": [
          [
            [
              [-111.30411, 37.54035],
              [-111.21051, 37.06237],
              [-110.92971, 37.15539],
              [-110.75331, 37.54035],
              [-111.30411, 37.54035]
            ]
          ],
          [
            [
              [-107.49887, 36.99654],
              [-106.63127, 36.9994],
              [-106.71407, 37.5332],
              [-106.85447, 37.83802],
              [-106.76447, 38.09561],
              [-105.92926, 38.52637],
              [-105.83926, 38.25017],
              [-106.24246, 37.91387],
              [-106.58087, 37.84088],
              [-106.26046, 37.57613],
              [-106.03006, 37.5976],
              [-105.58726, 37.57184],
              [-105.22725, 37.65484],
              [-105.15885, 37.32426],
              [-104.75205, 37.40583],
              [-104.37404, 37.80081],
              [-103.78004, 37.64339],
              [-104.06444, 38.04839],
              [-104.47484, 38.04839],
              [-104.70165, 38.38612],
              [-105.08685, 38.38612],
              [-105.46125, 38.16574],
              [-105.39645, 38.66232],
              [-105.84286, 38.69381],
              [-105.97606, 38.91133],
              [-106.50167, 39.07018],
              [-107.28647, 39.05873],
              [-107.51688, 39.2276],
              [-107.97408, 39.07877],
              [-108.37368, 38.8269],
              [-108.43848, 38.40616],
              [-109.06129, 38.50061],
              [-109.04454, 36.99775],
              [-107.49887, 36.99654]
            ]
          ],
          [
            [
              [-105.39285, 36.99511],
              [-105.39285, 37.2341],
              [-105.90046, 37.43875],
              [-106.03006, 37.5976],
              [-106.26046, 37.57613],
              [-106.32526, 37.30423],
              [-105.81766, 37.26272],
              [-105.71686, 37.0037],
              [-105.39285, 36.99511]
            ]
          ],
          [
            [
              [-106.00949, 44.56423],
              [-106.01805, 43.49476],
              [-104.89955, 43.49927],
              [-104.89245, 42.60925],
              [-104.65485, 42.60925],
              [-104.65485, 41.65329],
              [-105.27765, 41.65615],
              [-105.27765, 40.99785],
              [-105.55486, 40.99785],
              [-105.72046, 40.99785],
              [-106.77167, 41.00357],
              [-106.68167, 40.87335],
              [-106.63487, 39.90164],
              [-105.94366, 39.71274],
              [-105.72406, 39.89592],
              [-105.66646, 40.50985],
              [-105.39645, 40.17212],
              [-105.08325, 40.29376],
              [-105.15525, 40.05763],
              [-104.93205, 39.88876],
              [-104.07884, 39.92454],
              [-104.03924, 39.58823],
              [-104.50365, 39.27339],
              [-104.73765, 39.26767],
              [-104.88525, 38.86411],
              [-104.66925, 38.7811],
              [-104.57925, 38.4677],
              [-104.05364, 38.25017],
              [-103.71884, 38.32459],
              [-103.39483, 38.09704],
              [-103.40546, 37.64535],
              [-103.07702, 37.64535],
              [-103.08603, 37.00148],
              [-102.04197, 36.993],
              [-102.05211, 40.00414],
              [-101.32481, 40.00325],
              [-101.32481, 40.351],
              [-100.77761, 40.34957],
              [-100.78135, 40.70043],
              [-100.22363, 40.70148],
              [-100.236, 41.39497],
              [-100.7099, 41.39497],
              [-100.84693, 42.08869],
              [-100.1692, 42.11266],
              [-100.231, 43.71214],
              [-100.70921, 43.71834],
              [-101.14481, 43.99454],
              [-102.01198, 43.99429],
              [-101.99989, 45.03873],
              [-102.95713, 45.03688],
              [-102.94273, 45.94515],
              [-104.04284, 45.9451],
              [-104.04644, 46.39733],
              [-104.30564, 46.64204],
              [-104.60805, 46.69356],
              [-104.72685, 46.49464],
              [-105.18045, 46.42881],
              [-104.85645, 46.15404],
              [-105.00405, 45.53438],
              [-105.16965, 45.34548],
              [-105.03645, 45.00059],
              [-106.01137, 44.99287],
              [-106.00949, 44.56423]
            ],
            [
              [-105.01125, 40.37819],
              [-104.71605, 40.74455],
              [-104.21924, 40.69303],
              [-104.42084, 40.37247],
              [-105.01125, 40.37819]
            ]
          ],
          [
            [
              [-111.30411, 38.51063],
              [-111.25011, 38.15286],
              [-109.9325, 38.15858],
              [-110.0873, 38.50061],
              [-111.30411, 38.51063]
            ]
          ],
          [
            [
              [-97.08037, 41.39998],
              [-96.90502, 41.74258],
              [-97.25373, 41.74314],
              [-97.08037, 41.39998]
            ]
          ],
          [
            [
              [-96.45036, 44.54407],
              [-97.85563, 44.54425],
              [-97.97687, 44.63251],
              [-97.96238, 45.15371],
              [-97.2266, 45.15195],
              [-97.2266, 45.29776],
              [-96.60157, 45.32688],
              [-96.85357, 45.61452],
              [-96.56416, 45.93367],
              [-98.72401, 45.93886],
              [-98.72199, 45.24387],
              [-99.57496, 45.24572],
              [-99.57277, 44.89874],
              [-100.40245, 44.89908],
              [-100.59401, 44.55695],
              [-99.66407, 44.54943],
              [-99.6652, 44.31224],
              [-99.40239, 44.02602],
              [-99.24759, 43.49938],
              [-97.60714, 43.49998],
              [-97.60958, 43.84857],
              [-97.36881, 43.84865],
              [-97.37036, 44.19504],
              [-96.45727, 44.19669],
              [-96.45036, 44.54407]
            ]
          ],
          [
            [
              [-109.05049, 39.57822],
              [-108.47088, 39.73277],
              [-107.91288, 39.75853],
              [-107.64648, 40.07337],
              [-107.64648, 40.37676],
              [-108.59689, 40.21648],
              [-108.78409, 40.31522],
              [-108.79129, 41.00071],
              [-110.0009, 40.99356],
              [-109.8353, 40.76888],
              [-109.20169, 40.85903],
              [-109.04689, 40.57711],
              [-109.05049, 39.57822]
            ]
          ],
          [
            [
              [-97.36837, 40.69875],
              [-97.36791, 41.04718],
              [-97.82674, 41.04682],
              [-97.82564, 40.6982],
              [-97.36837, 40.69875]
            ]
          ],
          [
            [
              [-97.36837, 40.69875],
              [-97.36835, 40.35065],
              [-96.91477, 40.34957],
              [-96.91444, 40.69763],
              [-97.36837, 40.69875]
            ]
          ],
          [
            [
              [-101.86482, 46.98121],
              [-101.68482, 47.24166],
              [-101.32481, 47.28746],
              [-101.45441, 47.56223],
              [-102.20682, 47.57511],
              [-102.14562, 46.98121],
              [-101.86482, 46.98121]
            ]
          ],
          [
            [
              [-104.04471, 47.32824],
              [-103.09963, 47.32896],
              [-103.09966, 47.67439],
              [-102.64265, 47.67551],
              [-102.57403, 48.00443],
              [-102.82963, 48.18618],
              [-102.88723, 48.63268],
              [-104.04644, 48.63411],
              [-104.04644, 48.20335],
              [-104.29844, 48.05452],
              [-104.83845, 48.11749],
              [-105.84286, 48.01016],
              [-106.40446, 48.05738],
              [-106.74647, 47.70677],
              [-107.41967, 47.68816],
              [-107.82648, 47.54362],
              [-108.70129, 47.62663],
              [-109.01089, 47.82555],
              [-109.6409, 47.62663],
              [-110.51211, 47.62663],
              [-110.51571, 47.79549],
              [-111.16371, 47.88851],
              [-111.17091, 48.12035],
              [-111.54172, 48.2606],
              [-111.68932, 48.05881],
              [-112.25092, 48.05738],
              [-112.69733, 47.91141],
              [-112.82693, 47.7039],
              [-112.70453, 47.26742],
              [-111.57772, 47.29748],
              [-111.57772, 47.0914],
              [-110.1845, 47.14149],
              [-109.6877, 45.96228],
              [-109.03249, 45.98517],
              [-109.11529, 45.62168],
              [-108.69769, 45.52293],
              [-108.45288, 45.33403],
              [-108.07488, 45.37983],
              [-107.93808, 45.85494],
              [-106.95527, 45.81201],
              [-106.59167, 46.00664],
              [-106.04806, 46.47747],
              [-105.49365, 46.81949],
              [-104.70525, 47.05992],
              [-104.37404, 47.26027],
              [-104.04471, 47.32824]
            ]
          ]
        ]
      },
      "properties": { "zone_key": "US-NW-SWPW", "derived_from": "US-NW-WACM+US-NW-WAUW" }
    },
    {
      "type": "Feature",
      "geometry": {
        "type": "Polygon",
        "coordinates": [
          [
            [-84.26064, 30.38637],
            [-84.13104, 30.44934],
            [-84.33984, 30.52662],
            [-84.26064, 30.38637]
          ]
        ]
      },
      "properties": { "zone_key": "US-FLA-TAL" }
    },
    {
      "type": "Feature",
      "geometry": {
        "type": "MultiPolygon",
        "coordinates": [
          [
            [
              [-82.05742, 28.17535],
              [-82.65863, 28.15245],
              [-82.62623, 27.73028],
              [-82.55783, 27.64012],
              [-82.37422, 27.51848],
              [-81.93142, 27.64298],
              [-81.92422, 27.93493],
              [-82.05742, 28.17535]
            ]
          ],
          [
            [
              [-81.86662, 28.02508],
              [-81.71902, 28.34708],
              [-81.98182, 28.26121],
              [-81.86662, 28.02508]
            ]
          ]
        ]
      },
      "properties": { "zone_key": "US-FLA-TEC" }
    },
    {
      "type": "Feature",
      "geometry": {
        "type": "MultiPolygon",
        "coordinates": [
          [
            [
              [-110.74251, 31.73159],
              [-110.56971, 31.73159],
              [-110.70291, 32.29687],
              [-110.94051, 32.36556],
              [-111.17811, 32.11369],
              [-111.09531, 31.9391],
              [-110.74251, 31.73159]
            ]
          ],
          [
            [
              [-113.33453, 35.44954],
              [-113.85294, 35.25348],
              [-113.90694, 35.50965],
              [-113.33453, 35.60267],
              [-114.04734, 36.21088],
              [-114.74575, 36.09639],
              [-114.62695, 35.12039],
              [-114.51535, 34.56513],
              [-114.15534, 34.25888],
              [-113.65134, 34.22024],
              [-113.35253, 34.29895],
              [-113.25893, 34.34761],
              [-113.33453, 34.50073],
              [-113.33453, 35.44954]
            ]
          ]
        ]
      },
      "properties": { "zone_key": "US-SW-TEPC" }
    },
    {
      "type": "Feature",
      "geometry": {
        "type": "Polygon",
        "coordinates": [
          [
            [-120.58861, 37.63194],
            [-121.08901, 37.74071],
            [-121.20421, 37.36862],
            [-120.68941, 37.42587],
            [-120.58861, 37.63194]
          ]
        ]
      },
      "properties": { "zone_key": "US-CAL-TIDC" }
    },
    {
      "type": "Feature",
      "geometry": {
        "type": "Polygon",
        "coordinates": [
          [
            [-123.20231, 47.08435],
            [-122.74863, 47.19015],
            [-122.39942, 46.84382],
            [-123.15903, 46.79374],
            [-123.21663, 46.38588],
            [-122.23993, 46.38534],
            [-121.52434, 46.38763],
            [-121.38781, 46.62773],
            [-121.36261, 47.07137],
            [-121.43821, 47.3862],
            [-121.08901, 47.57224],
            [-121.15741, 47.87563],
            [-121.25101, 47.77975],
            [-121.92062, 47.87563],
            [-122.28952, 47.77734],
            [-122.3622, 47.46083],
            [-122.51463, 47.44488],
            [-122.98623, 47.60659],
            [-123.50464, 47.51786],
            [-123.48914, 47.08358],
            [-123.20231, 47.08435]
          ]
        ]
      },
      "properties": { "zone_key": "US-NW-TPWR" }
    },
    {
      "type": "Feature",
      "geometry": {
        "type": "Polygon",
        "coordinates": [
          [
            [-89.7399, 36.00051],
            [-90.0963, 35.36081],
            [-90.2115, 35.02594],
            [-89.9883, 34.99446],
            [-89.8191, 34.62953],
            [-90.2151, 34.72398],
            [-90.3087, 33.89968],
            [-89.49149, 33.75228],
            [-89.31869, 33.10829],
            [-89.7795, 33.18128],
            [-89.7435, 32.41565],
            [-89.45549, 32.61027],
            [-89.17829, 32.51725],
            [-88.38988, 32.57879],
            [-88.17286, 34.32033],
            [-87.3799, 34.30158],
            [-87.28827, 33.99556],
            [-86.94627, 33.86676],
            [-86.44586, 34.24886],
            [-85.84466, 34.19019],
            [-85.73666, 33.98984],
            [-85.40185, 33.98411],
            [-85.43785, 34.62238],
            [-85.26505, 34.40056],
            [-84.70705, 34.41344],
            [-84.54865, 34.85564],
            [-84.18144, 34.61236],
            [-83.64504, 34.88856],
            [-84.31104, 35.07889],
            [-83.91504, 35.47387],
            [-83.25263, 35.69569],
            [-83.16263, 36.14934],
            [-82.88903, 35.94899],
            [-82.34542, 36.25095],
            [-81.90982, 36.22948],
            [-81.67459, 36.59194],
            [-82.21942, 36.69745],
            [-82.63703, 36.43126],
            [-82.85303, 36.87061],
            [-83.69184, 36.58296],
            [-83.81064, 36.74896],
            [-84.29304, 36.59155],
            [-85.26145, 36.65308],
            [-85.30105, 36.94932],
            [-85.57106, 36.99368],
            [-85.93466, 36.80335],
            [-86.14706, 36.97937],
            [-86.05346, 37.49599],
            [-86.23706, 37.58615],
            [-86.32706, 37.47882],
            [-86.81307, 37.55896],
            [-86.94987, 37.32569],
            [-87.23067, 37.13965],
            [-87.72388, 37.17686],
            [-88.73189, 36.8334],
            [-89.08829, 36.7461],
            [-89.5707, 36.54861],
            [-89.5167, 36.35112],
            [-89.7399, 36.00051]
          ]
        ]
      },
      "properties": { "zone_key": "US-TEN-TVA" }
    },
    {
      "type": "Feature",
      "geometry": {
        "type": "MultiPolygon",
        "coordinates": [
          [
            [
              [-113.33453, 33.15122],
              [-113.33453, 33.54334],
              [-113.79894, 33.55622],
              [-114.27774, 33.68359],
              [-114.32454, 34.13724],
              [-114.51175, 33.91113],
              [-114.70615, 33.17984],
              [-114.52975, 33.03244],
              [-114.52615, 32.75767],
              [-114.20214, 32.41135],
              [-114.17369, 32.29967],
              [-113.33453, 32.09938],
              [-113.33453, 32.39561],
              [-113.62974, 32.39561],
              [-113.66934, 33.02099],
              [-113.33453, 33.15122]
            ]
          ],
          [
            [
              [-121.08901, 37.74071],
              [-120.58861, 37.63194],
              [-120.80461, 37.96968],
              [-121.08901, 37.74071]
            ]
          ],
          [
            [
              [-116.32256, 33.58341],
              [-116.33696, 33.69933],
              [-116.82297, 33.68645],
              [-116.87697, 33.48466],
              [-116.45576, 33.42742],
              [-116.32256, 33.58341]
            ]
          ],
          [
            [
              [-110.56971, 31.73159],
              [-110.74251, 31.73159],
              [-111.16371, 31.72586],
              [-111.36564, 31.42423],
              [-111.07401, 31.33309],
              [-110.1233, 31.33375],
              [-109.7705, 31.41246],
              [-109.28089, 31.53696],
              [-109.05769, 31.71155],
              [-109.04689, 32.61457],
              [-108.81289, 32.61314],
              [-108.67969, 33.0167],
              [-108.97129, 32.98235],
              [-109.04689, 33.39737],
              [-109.49689, 33.39737],
              [-110.0261, 33.57912],
              [-110.2853, 33.7623],
              [-110.66691, 33.81668],
              [-110.80731, 33.98984],
              [-111.18891, 33.81381],
              [-111.04131, 33.46606],
              [-110.85411, 33.10113],
              [-110.4509, 33.16124],
              [-110.4509, 31.73159],
              [-110.56971, 31.73159]
            ]
          ],
          [
            [
              [-109.27729, 31.33375],
              [-109.05049, 31.33232],
              [-109.28089, 31.53696],
              [-109.27729, 31.33375]
            ]
          ],
          [
            [
              [-107.30807, 35.84023],
              [-107.11367, 35.82162],
              [-106.68167, 35.27781],
              [-106.32526, 35.36797],
              [-105.97246, 35.85168],
              [-105.62686, 35.97904],
              [-106.02646, 36.33968],
              [-106.00846, 36.66739],
              [-106.66727, 36.58296],
              [-106.89407, 36.84055],
              [-107.61768, 36.80478],
              [-107.62488, 36.00051],
              [-107.30807, 35.84023]
            ]
          ],
          [
            [
              [-111.21051, 37.06237],
              [-111.30411, 37.54035],
              [-112.90431, 37.54474],
              [-112.89961, 37.00078],
              [-111.40491, 37.00513],
              [-111.21051, 37.06237]
            ]
          ],
          [
            [
              [-114.51535, 34.56513],
              [-114.62695, 35.12039],
              [-114.79124, 35.13132],
              [-114.96535, 35.00304],
              [-114.96535, 34.55511],
              [-114.51535, 34.56513]
            ]
          ],
          [
            [
              [-111.25011, 38.15286],
              [-111.30411, 38.51063],
              [-111.75772, 38.51063],
              [-111.84412, 38.15143],
              [-111.25011, 38.15286]
            ]
          ]
        ]
      },
      "properties": { "zone_key": "US-SW-WALC" }
    }
  ]
}
